"hospital_id";"especialidad";"fija"
1;"Cirugia Cardiotoracica";"S"
1;"Cirugia General";"S"
1;"Cirugia Plastica y Reconstructiva";"S"
1;"Foniatria y Audiologia";"S"
1;"Hematologia";"S"
1;"Inmunologia";"S"
1;"Medicina del Trabajo";"S"
1;"Medicina Fisica y Rehabilitacion";"S"
1;"Medicina Nuclear";"S"
1;"Nefrologia";"S"
1;"Neumologia";"S"
1;"Neurologia";"S"
1;"Oftalmologia";"S"
1;"Otorrinolaringologia";"S"
1;"Psiquiatria";"S"
1;"Traumatologia y Ortopedia";"N"
1;"Urologia";"N"
2;"Cardiologia";"S"
2;"Cirugia General";"S"
2;"Cirugia Plastica y Reconstructiva";"S"
2;"Cirugia Vascular";"S"
2;"Dermatologia";"S"
2;"Farmacologia Clinica";"S"
2;"Foniatria y Audiologia";"S"
2;"Genetica Clinica";"S"
2;"Ginecologia";"S"
2;"Hematologia";"S"
2;"Inmunologia";"S"
2;"Laboratorio Clinico";"N"
2;"Medicina de Urgencias";"N"
2;"Medicina del Trabajo";"S"
2;"Medicina Fisica y Rehabilitacion";"S"
2;"Nefrologia";"S"
2;"Neonatologia";"S"
2;"Nutriologia Clinica";"S"
2;"Obstetricia";"S"
2;"Otorrinolaringologia";"S"
2;"Patologia";"S"
2;"Pediatria";"S"
2;"Psicologia Clinica";"S"
2;"Urologia";"N"
3;"Cardiologia";"S"
3;"Cirugia Plastica y Reconstructiva";"S"
3;"Cirugia Vascular";"S"
3;"Genetica Clinica";"S"
3;"Geriatria";"S"
3;"Ginecologia";"S"
3;"Inmunologia";"S"
3;"Laboratorio Clinico";"S"
3;"Medicina del Trabajo";"S"
3;"Medicina Hiperbarica";"S"
3;"Neumologia";"S"
3;"Obstetricia";"S"
3;"Oftalmologia";"S"
3;"Otorrinolaringologia";"S"
3;"Patologia";"S"
3;"Psiquiatria";"S"
3;"Toxicologia";"S"
4;"Cardiologia";"S"
4;"Cirugia General";"S"
4;"Endocrinologia";"S"
4;"Foniatria y Audiologia";"S"
4;"Genetica Clinica";"S"
4;"Geriatria";"S"
4;"Ginecologia";"N"
4;"Medicina del Trabajo";"S"
4;"Medicina Hiperbarica";"S"
4;"Medicina Interna";"S"
4;"Nefrologia";"N"
4;"Neumologia";"S"
4;"Neurologia";"S"
4;"Oftalmologia";"S"
4;"Oncologia";"S"
4;"Reumatologia";"S"
4;"Unidad de Dolor";"S"
5;"Anestesiologia y Reanimacion";"S"
5;"Cardiologia";"S"
5;"Cirugia General";"S"
5;"Gastroenterologia";"S"
5;"Ginecologia";"S"
5;"Laboratorio Clinico";"S"
5;"Medicina de Urgencias";"S"
5;"Medicina del Trabajo";"S"
5;"Medicina Hiperbarica";"S"
5;"Nefrologia";"S"
5;"Neonatologia";"S"
5;"Neumologia";"S"
5;"Neurologia";"S"
5;"Oftalmologia";"S"
5;"Patologia Forense";"S"
5;"Psiquiatria";"S"
5;"Toxicologia";"S"
5;"Traumatologia y Ortopedia";"N"
5;"Unidad de Dolor";"S"
5;"Urologia";"N"
6;"Anestesiologia y Reanimacion";"S"
6;"Cardiologia";"S"
6;"Cirugia Cardiotoracica";"S"
6;"Cirugia Vascular";"S"
6;"Foniatria y Audiologia";"S"
6;"Gastroenterologia";"S"
6;"Ginecologia";"S"
6;"Inmunologia";"S"
6;"Medicina del Trabajo";"S"
6;"Medicina Deportiva";"S"
6;"Medicina Fisica y Rehabilitacion";"N"
6;"Medicina Hiperbarica";"S"
6;"Medicina Nuclear";"S"
6;"Nefrologia";"S"
6;"Neonatologia";"N"
6;"Otorrinolaringologia";"S"
6;"Patologia Forense";"S"
6;"Psiquiatria";"S"
6;"Radiologia";"S"
6;"Reumatologia";"N"
7;"Anestesiologia y Reanimacion";"S"
7;"Cardiologia";"S"
7;"Cirugia General";"S"
7;"Cirugia Plastica y Reconstructiva";"S"
7;"Cirugia Vascular";"S"
7;"Dermatologia";"S"
7;"Foniatria y Audiologia";"S"
7;"Genetica Clinica";"S"
7;"Geriatria";"S"
7;"Hematologia";"S"
7;"Medicina Deportiva";"S"
7;"Medicina Hiperbarica";"S"
7;"Medicina Interna";"S"
7;"Medicina Nuclear";"S"
7;"Nefrologia";"S"
7;"Neonatologia";"S"
7;"Neumologia";"S"
7;"Neurologia";"S"
7;"Nutriologia Clinica";"S"
7;"Obstetricia";"N"
7;"Oftalmologia";"S"
7;"Oncologia";"S"
7;"Patologia Forense";"S"
7;"Reumatologia";"S"
7;"Unidad de Dolor";"S"
8;"Anestesiologia y Reanimacion";"S"
8;"Cardiologia";"S"
8;"Cirugia Cardiotoracica";"N"
8;"Cirugia Plastica y Reconstructiva";"S"
8;"Foniatria y Audiologia";"S"
8;"Gastroenterologia";"S"
8;"Inmunologia";"S"
8;"Medicina del Trabajo";"S"
8;"Medicina Nuclear";"S"
8;"Oftalmologia";"S"
8;"Otorrinolaringologia";"S"
8;"Patologia Forense";"N"
8;"Pediatria";"S"
8;"Salud Publica y Epidemiologia";"S"
8;"Traumatologia y Ortopedia";"S"
8;"Unidad de Dolor";"S"
9;"Anestesiologia y Reanimacion";"S"
9;"Cardiologia";"S"
9;"Cirugia Cardiotoracica";"S"
9;"Cirugia General";"S"
9;"Cirugia Vascular";"S"
9;"Endocrinologia";"S"
9;"Gastroenterologia";"S"
9;"Genetica Clinica";"S"
9;"Inmunologia";"S"
9;"Medicina del Trabajo";"S"
9;"Medicina Fisica y Rehabilitacion";"S"
9;"Medicina Nuclear";"S"
9;"Neonatologia";"S"
9;"Neumologia";"S"
9;"Obstetricia";"S"
9;"Oncologia";"S"
9;"Patologia";"S"
9;"Pediatria";"S"
9;"Psicologia Clinica";"S"
9;"Radiologia";"S"
9;"Salud Publica y Epidemiologia";"S"
9;"Toxicologia";"S"
9;"Unidad de Dolor";"S"
10;"Anestesiologia y Reanimacion";"S"
10;"Cardiologia";"S"
10;"Cirugia Cardiotoracica";"S"
10;"Foniatria y Audiologia";"S"
10;"Gastroenterologia";"S"
10;"Genetica Clinica";"S"
10;"Ginecologia";"S"
10;"Medicina Nuclear";"S"
10;"Nefrologia";"S"
10;"Neurologia";"N"
10;"Obstetricia";"S"
10;"Otorrinolaringologia";"S"
10;"Patologia Forense";"S"
10;"Pediatria";"S"
10;"Radiologia";"S"
10;"Toxicologia";"S"
11;"Anestesiologia y Reanimacion";"S"
11;"Cardiologia";"S"
11;"Dermatologia";"S"
11;"Gastroenterologia";"S"
11;"Medicina de Urgencias";"S"
11;"Medicina del Trabajo";"S"
11;"Medicina Interna";"S"
11;"Medicina Nuclear";"S"
11;"Nefrologia";"S"
11;"Neonatologia";"S"
11;"Neumologia";"S"
11;"Neurologia";"N"
11;"Oftalmologia";"N"
11;"Patologia";"S"
11;"Patologia Forense";"S"
11;"Psiquiatria";"S"
11;"Radiologia";"S"
11;"Reumatologia";"S"
11;"Salud Publica y Epidemiologia";"S"
11;"Toxicologia";"S"
11;"Traumatologia y Ortopedia";"S"
11;"Unidad de Dolor";"S"
12;"Anestesiologia y Reanimacion";"S"
12;"Cardiologia";"S"
12;"Cirugia General";"S"
12;"Cirugia Plastica y Reconstructiva";"S"
12;"Foniatria y Audiologia";"S"
12;"Gastroenterologia";"S"
12;"Ginecologia";"S"
12;"Inmunologia";"S"
12;"Medicina Deportiva";"S"
12;"Medicina Fisica y Rehabilitacion";"S"
12;"Medicina Hiperbarica";"S"
12;"Medicina Interna";"S"
12;"Nefrologia";"N"
12;"Neurologia";"S"
12;"Oftalmologia";"S"
12;"Otorrinolaringologia";"S"
12;"Pediatria";"S"
12;"Psiquiatria";"S"
12;"Radiologia";"S"
12;"Salud Publica y Epidemiologia";"S"
12;"Toxicologia";"S"
13;"Cardiologia";"S"
13;"Cirugia General";"S"
13;"Dermatologia";"S"
13;"Farmacologia Clinica";"S"
13;"Gastroenterologia";"S"
13;"Hematologia";"S"
13;"Inmunologia";"S"
13;"Medicina Deportiva";"S"
13;"Medicina Fisica y Rehabilitacion";"S"
13;"Medicina Interna";"S"
13;"Neumologia";"S"
13;"Neurologia";"S"
13;"Obstetricia";"S"
13;"Oncologia";"S"
13;"Patologia Forense";"N"
13;"Salud Publica y Epidemiologia";"N"
14;"Anestesiologia y Reanimacion";"N"
14;"Cardiologia";"S"
14;"Dermatologia";"S"
14;"Medicina del Trabajo";"S"
14;"Medicina Interna";"S"
14;"Medicina Nuclear";"S"
14;"Neonatologia";"S"
14;"Nutriologia Clinica";"S"
14;"Obstetricia";"S"
14;"Oftalmologia";"S"
14;"Oncologia";"S"
14;"Patologia";"S"
14;"Pediatria";"S"
14;"Psiquiatria";"S"
14;"Reumatologia";"S"
14;"Toxicologia";"S"
14;"Traumatologia y Ortopedia";"S"
15;"Cardiologia";"S"
15;"Cirugia Plastica y Reconstructiva";"S"
15;"Foniatria y Audiologia";"S"
15;"Gastroenterologia";"S"
15;"Ginecologia";"S"
15;"Medicina Interna";"N"
15;"Medicina Nuclear";"S"
15;"Nefrologia";"S"
15;"Neumologia";"S"
15;"Nutriologia Clinica";"S"
15;"Oncologia";"S"
15;"Otorrinolaringologia";"S"
15;"Patologia";"S"
15;"Patologia Forense";"S"
15;"Pediatria";"S"
15;"Radiologia";"S"
15;"Traumatologia y Ortopedia";"S"
15;"Urologia";"S"
16;"Anestesiologia y Reanimacion";"S"
16;"Cardiologia";"S"
16;"Cirugia Cardiotoracica";"S"
16;"Cirugia Vascular";"S"
16;"Dermatologia";"S"
16;"Farmacologia Clinica";"N"
16;"Gastroenterologia";"N"
16;"Ginecologia";"N"
16;"Laboratorio Clinico";"N"
16;"Medicina del Trabajo";"S"
16;"Nefrologia";"S"
16;"Neumologia";"S"
16;"Nutriologia Clinica";"S"
16;"Oftalmologia";"S"
16;"Otorrinolaringologia";"S"
16;"Patologia";"S"
16;"Psicologia Clinica";"S"
16;"Psiquiatria";"S"
16;"Salud Publica y Epidemiologia";"S"
16;"Toxicologia";"S"
16;"Urologia";"S"
17;"Cardiologia";"S"
17;"Cirugia General";"S"
17;"Cirugia Plastica y Reconstructiva";"S"
17;"Cirugia Vascular";"N"
17;"Endocrinologia";"S"
17;"Foniatria y Audiologia";"S"
17;"Gastroenterologia";"S"
17;"Genetica Clinica";"S"
17;"Geriatria";"S"
17;"Hematologia";"S"
17;"Medicina de Urgencias";"S"
17;"Medicina Hiperbarica";"S"
17;"Medicina Nuclear";"S"
17;"Nefrologia";"S"
17;"Neumologia";"S"
17;"Neurologia";"S"
17;"Nutriologia Clinica";"S"
17;"Otorrinolaringologia";"S"
17;"Psicologia Clinica";"N"
17;"Radiologia";"S"
17;"Salud Publica y Epidemiologia";"S"
18;"Cardiologia";"S"
18;"Cirugia Cardiotoracica";"S"
18;"Cirugia Plastica y Reconstructiva";"S"
18;"Dermatologia";"S"
18;"Endocrinologia";"S"
18;"Farmacologia Clinica";"S"
18;"Gastroenterologia";"S"
18;"Geriatria";"N"
18;"Neonatologia";"N"
18;"Neumologia";"S"
18;"Nutriologia Clinica";"S"
18;"Obstetricia";"S"
18;"Oftalmologia";"S"
18;"Patologia";"S"
18;"Patologia Forense";"S"
18;"Psicologia Clinica";"S"
18;"Radiologia";"S"
18;"Unidad de Dolor";"S"
18;"Urologia";"S"
19;"Cirugia Cardiotoracica";"S"
19;"Cirugia Vascular";"S"
19;"Dermatologia";"S"
19;"Farmacologia Clinica";"N"
19;"Foniatria y Audiologia";"S"
19;"Gastroenterologia";"S"
19;"Ginecologia";"S"
19;"Hematologia";"S"
19;"Laboratorio Clinico";"S"
19;"Medicina de Urgencias";"S"
19;"Medicina del Trabajo";"S"
19;"Medicina Fisica y Rehabilitacion";"S"
19;"Medicina Nuclear";"S"
19;"Nefrologia";"S"
19;"Neonatologia";"S"
19;"Neumologia";"S"
19;"Obstetricia";"S"
19;"Patologia";"S"
19;"Patologia Forense";"S"
19;"Psiquiatria";"S"
19;"Radiologia";"S"
19;"Unidad de Dolor";"S"
19;"Urologia";"S"
20;"Anestesiologia y Reanimacion";"S"
20;"Cardiologia";"S"
20;"Cirugia Cardiotoracica";"S"
20;"Cirugia Plastica y Reconstructiva";"S"
20;"Farmacologia Clinica";"S"
20;"Genetica Clinica";"S"
20;"Inmunologia";"S"
20;"Laboratorio Clinico";"N"
20;"Medicina del Trabajo";"S"
20;"Medicina Interna";"S"
20;"Medicina Nuclear";"S"
20;"Nefrologia";"S"
20;"Neurologia";"S"
20;"Nutriologia Clinica";"S"
20;"Reumatologia";"S"
20;"Toxicologia";"S"
20;"Traumatologia y Ortopedia";"S"
21;"Anestesiologia y Reanimacion";"S"
21;"Cardiologia";"S"
21;"Cirugia Cardiotoracica";"S"
21;"Cirugia Plastica y Reconstructiva";"N"
21;"Cirugia Vascular";"N"
21;"Farmacologia Clinica";"S"
21;"Gastroenterologia";"S"
21;"Hematologia";"S"
21;"Medicina del Trabajo";"S"
21;"Medicina Nuclear";"S"
21;"Nefrologia";"S"
21;"Neonatologia";"S"
21;"Neumologia";"S"
21;"Neurologia";"S"
21;"Obstetricia";"S"
21;"Pediatria";"S"
21;"Psicologia Clinica";"S"
21;"Radiologia";"S"
21;"Reumatologia";"S"
21;"Toxicologia";"S"
21;"Urologia";"S"
22;"Cirugia Cardiotoracica";"S"
22;"Cirugia General";"S"
22;"Endocrinologia";"S"
22;"Farmacologia Clinica";"S"
22;"Foniatria y Audiologia";"S"
22;"Geriatria";"N"
22;"Medicina de Urgencias";"S"
22;"Medicina del Trabajo";"S"
22;"Medicina Deportiva";"S"
22;"Medicina Hiperbarica";"S"
22;"Medicina Interna";"S"
22;"Neumologia";"N"
22;"Nutriologia Clinica";"S"
22;"Unidad de Dolor";"S"
23;"Cardiologia";"S"
23;"Cirugia Cardiotoracica";"S"
23;"Cirugia General";"S"
23;"Endocrinologia";"S"
23;"Farmacologia Clinica";"S"
23;"Gastroenterologia";"S"
23;"Genetica Clinica";"S"
23;"Geriatria";"N"
23;"Inmunologia";"S"
23;"Medicina Fisica y Rehabilitacion";"S"
23;"Medicina Interna";"S"
23;"Nefrologia";"S"
23;"Neurologia";"S"
23;"Obstetricia";"S"
23;"Patologia Forense";"S"
23;"Pediatria";"S"
23;"Psicologia Clinica";"N"
23;"Toxicologia";"S"
23;"Traumatologia y Ortopedia";"S"
23;"Unidad de Dolor";"S"
24;"Dermatologia";"S"
24;"Farmacologia Clinica";"S"
24;"Foniatria y Audiologia";"S"
24;"Gastroenterologia";"S"
24;"Ginecologia";"S"
24;"Inmunologia";"S"
24;"Laboratorio Clinico";"S"
24;"Medicina del Trabajo";"S"
24;"Medicina Deportiva";"S"
24;"Nefrologia";"S"
24;"Oftalmologia";"S"
24;"Pediatria";"S"
24;"Psicologia Clinica";"S"
24;"Salud Publica y Epidemiologia";"S"
24;"Toxicologia";"S"
25;"Cardiologia";"S"
25;"Cirugia Cardiotoracica";"S"
25;"Cirugia Plastica y Reconstructiva";"S"
25;"Cirugia Vascular";"S"
25;"Farmacologia Clinica";"S"
25;"Foniatria y Audiologia";"S"
25;"Gastroenterologia";"S"
25;"Genetica Clinica";"S"
25;"Ginecologia";"S"
25;"Hematologia";"N"
25;"Laboratorio Clinico";"S"
25;"Medicina de Urgencias";"S"
25;"Medicina del Trabajo";"S"
25;"Medicina Deportiva";"S"
25;"Medicina Nuclear";"S"
25;"Nefrologia";"N"
25;"Neumologia";"N"
25;"Nutriologia Clinica";"N"
25;"Obstetricia";"S"
25;"Otorrinolaringologia";"S"
25;"Pediatria";"S"
25;"Psiquiatria";"S"
25;"Reumatologia";"S"
25;"Unidad de Dolor";"S"
26;"Anestesiologia y Reanimacion";"S"
26;"Cirugia Cardiotoracica";"S"
26;"Geriatria";"S"
26;"Ginecologia";"S"
26;"Inmunologia";"S"
26;"Laboratorio Clinico";"S"
26;"Medicina del Trabajo";"S"
26;"Medicina Deportiva";"S"
26;"Medicina Fisica y Rehabilitacion";"S"
26;"Neumologia";"S"
26;"Nutriologia Clinica";"S"
26;"Patologia";"S"
26;"Pediatria";"S"
26;"Salud Publica y Epidemiologia";"N"
26;"Traumatologia y Ortopedia";"N"
26;"Unidad de Dolor";"S"
27;"Cirugia General";"S"
27;"Cirugia Plastica y Reconstructiva";"S"
27;"Dermatologia";"S"
27;"Foniatria y Audiologia";"S"
27;"Gastroenterologia";"S"
27;"Genetica Clinica";"S"
27;"Hematologia";"S"
27;"Inmunologia";"S"
27;"Laboratorio Clinico";"S"
27;"Nefrologia";"S"
27;"Neurologia";"S"
27;"Nutriologia Clinica";"S"
27;"Obstetricia";"S"
27;"Otorrinolaringologia";"S"
27;"Patologia";"S"
27;"Radiologia";"N"
27;"Salud Publica y Epidemiologia";"N"
27;"Toxicologia";"S"
28;"Anestesiologia y Reanimacion";"S"
28;"Cardiologia";"S"
28;"Endocrinologia";"S"
28;"Farmacologia Clinica";"S"
28;"Foniatria y Audiologia";"S"
28;"Gastroenterologia";"S"
28;"Genetica Clinica";"S"
28;"Medicina Hiperbarica";"S"
28;"Nefrologia";"S"
28;"Neonatologia";"S"
28;"Neurologia";"S"
28;"Oftalmologia";"S"
28;"Oncologia";"S"
28;"Patologia";"S"
28;"Patologia Forense";"S"
28;"Pediatria";"S"
28;"Psiquiatria";"S"
28;"Radiologia";"S"
29;"Anestesiologia y Reanimacion";"S"
29;"Cirugia Plastica y Reconstructiva";"N"
29;"Foniatria y Audiologia";"N"
29;"Gastroenterologia";"S"
29;"Hematologia";"S"
29;"Inmunologia";"S"
29;"Medicina de Urgencias";"S"
29;"Medicina Fisica y Rehabilitacion";"S"
29;"Neumologia";"S"
29;"Neurologia";"S"
29;"Obstetricia";"S"
29;"Patologia";"S"
29;"Pediatria";"S"
29;"Reumatologia";"S"
29;"Unidad de Dolor";"S"
30;"Cirugia Vascular";"S"
30;"Gastroenterologia";"S"
30;"Genetica Clinica";"S"
30;"Hematologia";"S"
30;"Inmunologia";"S"
30;"Medicina de Urgencias";"S"
30;"Medicina Deportiva";"S"
30;"Medicina Fisica y Rehabilitacion";"S"
30;"Medicina Nuclear";"S"
30;"Nefrologia";"S"
30;"Neonatologia";"S"
30;"Neurologia";"S"
30;"Oftalmologia";"S"
30;"Otorrinolaringologia";"S"
30;"Psicologia Clinica";"S"
30;"Reumatologia";"N"
30;"Toxicologia";"S"
30;"Traumatologia y Ortopedia";"S"
31;"Cardiologia";"S"
31;"Cirugia Cardiotoracica";"S"
31;"Cirugia General";"S"
31;"Cirugia Plastica y Reconstructiva";"S"
31;"Endocrinologia";"S"
31;"Foniatria y Audiologia";"S"
31;"Geriatria";"S"
31;"Ginecologia";"S"
31;"Hematologia";"S"
31;"Laboratorio Clinico";"S"
31;"Medicina Hiperbarica";"S"
31;"Neonatologia";"S"
31;"Neumologia";"S"
31;"Neurologia";"S"
31;"Obstetricia";"S"
31;"Oftalmologia";"S"
31;"Patologia";"S"
31;"Patologia Forense";"S"
31;"Psiquiatria";"S"
31;"Radiologia";"S"
31;"Reumatologia";"N"
32;"Cirugia Plastica y Reconstructiva";"N"
32;"Cirugia Vascular";"S"
32;"Farmacologia Clinica";"S"
32;"Foniatria y Audiologia";"S"
32;"Hematologia";"S"
32;"Inmunologia";"S"
32;"Laboratorio Clinico";"S"
32;"Medicina del Trabajo";"S"
32;"Medicina Hiperbarica";"S"
32;"Medicina Nuclear";"S"
32;"Nefrologia";"S"
32;"Neumologia";"S"
32;"Neurologia";"S"
32;"Obstetricia";"S"
32;"Oftalmologia";"S"
32;"Psiquiatria";"S"
32;"Radiologia";"S"
32;"Traumatologia y Ortopedia";"S"
33;"Dermatologia";"S"
33;"Gastroenterologia";"S"
33;"Ginecologia";"S"
33;"Hematologia";"S"
33;"Inmunologia";"S"
33;"Medicina del Trabajo";"S"
33;"Medicina Fisica y Rehabilitacion";"S"
33;"Medicina Interna";"S"
33;"Medicina Nuclear";"S"
33;"Nefrologia";"N"
33;"Nutriologia Clinica";"N"
33;"Otorrinolaringologia";"N"
33;"Radiologia";"S"
33;"Reumatologia";"S"
33;"Unidad de Dolor";"S"
34;"Anestesiologia y Reanimacion";"S"
34;"Cardiologia";"S"
34;"Dermatologia";"S"
34;"Gastroenterologia";"S"
34;"Geriatria";"S"
34;"Ginecologia";"S"
34;"Inmunologia";"S"
34;"Medicina del Trabajo";"S"
34;"Medicina Fisica y Rehabilitacion";"S"
34;"Medicina Hiperbarica";"S"
34;"Medicina Interna";"S"
34;"Nefrologia";"S"
34;"Neonatologia";"S"
34;"Neumologia";"S"
34;"Neurologia";"S"
34;"Nutriologia Clinica";"S"
34;"Obstetricia";"S"
34;"Otorrinolaringologia";"N"
34;"Patologia";"N"
34;"Psicologia Clinica";"N"
34;"Radiologia";"S"
34;"Reumatologia";"S"
34;"Salud Publica y Epidemiologia";"S"
34;"Unidad de Dolor";"S"
35;"Anestesiologia y Reanimacion";"S"
35;"Cardiologia";"S"
35;"Inmunologia";"S"
35;"Medicina del Trabajo";"S"
35;"Medicina Deportiva";"S"
35;"Medicina Fisica y Rehabilitacion";"S"
35;"Medicina Hiperbarica";"S"
35;"Medicina Interna";"S"
35;"Medicina Nuclear";"S"
35;"Nefrologia";"S"
35;"Neumologia";"S"
35;"Neurologia";"S"
35;"Obstetricia";"N"
35;"Oncologia";"S"
35;"Otorrinolaringologia";"S"
35;"Toxicologia";"S"
35;"Urologia";"S"
36;"Cardiologia";"S"
36;"Cirugia Cardiotoracica";"S"
36;"Cirugia General";"S"
36;"Cirugia Vascular";"S"
36;"Endocrinologia";"S"
36;"Gastroenterologia";"S"
36;"Geriatria";"S"
36;"Hematologia";"S"
36;"Inmunologia";"N"
36;"Medicina Hiperbarica";"S"
36;"Nefrologia";"S"
36;"Neurologia";"S"
36;"Nutriologia Clinica";"S"
36;"Oftalmologia";"S"
36;"Oncologia";"S"
36;"Otorrinolaringologia";"S"
36;"Psicologia Clinica";"S"
36;"Reumatologia";"S"
36;"Salud Publica y Epidemiologia";"S"
36;"Traumatologia y Ortopedia";"S"
37;"Anestesiologia y Reanimacion";"S"
37;"Cardiologia";"S"
37;"Cirugia Cardiotoracica";"S"
37;"Cirugia Vascular";"N"
37;"Farmacologia Clinica";"S"
37;"Foniatria y Audiologia";"S"
37;"Genetica Clinica";"S"
37;"Ginecologia";"S"
37;"Hematologia";"S"
37;"Inmunologia";"S"
37;"Laboratorio Clinico";"S"
37;"Medicina de Urgencias";"S"
37;"Medicina Deportiva";"S"
37;"Nefrologia";"N"
37;"Neumologia";"S"
37;"Neurologia";"S"
37;"Obstetricia";"S"
37;"Oftalmologia";"S"
37;"Pediatria";"S"
37;"Psicologia Clinica";"S"
37;"Salud Publica y Epidemiologia";"S"
37;"Traumatologia y Ortopedia";"S"
38;"Anestesiologia y Reanimacion";"S"
38;"Cardiologia";"S"
38;"Farmacologia Clinica";"S"
38;"Foniatria y Audiologia";"N"
38;"Genetica Clinica";"N"
38;"Geriatria";"S"
38;"Ginecologia";"S"
38;"Hematologia";"S"
38;"Medicina de Urgencias";"S"
38;"Medicina Hiperbarica";"S"
38;"Nefrologia";"S"
38;"Neumologia";"S"
38;"Nutriologia Clinica";"S"
38;"Pediatria";"S"
38;"Psicologia Clinica";"S"
38;"Psiquiatria";"S"
38;"Reumatologia";"N"
38;"Salud Publica y Epidemiologia";"S"
38;"Traumatologia y Ortopedia";"S"
39;"Cirugia Cardiotoracica";"S"
39;"Cirugia General";"S"
39;"Dermatologia";"S"
39;"Endocrinologia";"S"
39;"Farmacologia Clinica";"S"
39;"Foniatria y Audiologia";"S"
39;"Medicina de Urgencias";"S"
39;"Medicina del Trabajo";"S"
39;"Medicina Fisica y Rehabilitacion";"S"
39;"Medicina Interna";"N"
39;"Neumologia";"N"
39;"Neurologia";"S"
39;"Nutriologia Clinica";"S"
39;"Obstetricia";"S"
39;"Oncologia";"S"
39;"Otorrinolaringologia";"S"
39;"Patologia";"S"
39;"Patologia Forense";"S"
39;"Pediatria";"S"
39;"Reumatologia";"S"
39;"Toxicologia";"S"
40;"Anestesiologia y Reanimacion";"S"
40;"Cirugia Plastica y Reconstructiva";"S"
40;"Cirugia Vascular";"N"
40;"Dermatologia";"S"
40;"Farmacologia Clinica";"S"
40;"Foniatria y Audiologia";"S"
40;"Gastroenterologia";"S"
40;"Geriatria";"S"
40;"Medicina de Urgencias";"N"
40;"Medicina Fisica y Rehabilitacion";"S"
40;"Medicina Hiperbarica";"S"
40;"Medicina Nuclear";"S"
40;"Neumologia";"S"
40;"Nutriologia Clinica";"S"
40;"Psicologia Clinica";"S"
40;"Psiquiatria";"N"
40;"Radiologia";"S"
40;"Toxicologia";"S"
40;"Urologia";"S"
41;"Cirugia Cardiotoracica";"S"
41;"Farmacologia Clinica";"S"
41;"Foniatria y Audiologia";"S"
41;"Genetica Clinica";"S"
41;"Geriatria";"S"
41;"Inmunologia";"S"
41;"Laboratorio Clinico";"S"
41;"Medicina de Urgencias";"S"
41;"Medicina del Trabajo";"S"
41;"Nefrologia";"S"
41;"Neumologia";"S"
41;"Neurologia";"S"
41;"Nutriologia Clinica";"S"
41;"Patologia";"S"
41;"Psicologia Clinica";"S"
41;"Radiologia";"S"
41;"Reumatologia";"N"
41;"Toxicologia";"S"
42;"Anestesiologia y Reanimacion";"S"
42;"Cardiologia";"S"
42;"Cirugia Plastica y Reconstructiva";"S"
42;"Dermatologia";"S"
42;"Endocrinologia";"S"
42;"Hematologia";"S"
42;"Inmunologia";"N"
42;"Medicina de Urgencias";"N"
42;"Medicina Interna";"S"
42;"Nefrologia";"S"
42;"Nutriologia Clinica";"S"
42;"Obstetricia";"S"
42;"Oftalmologia";"S"
42;"Patologia Forense";"S"
42;"Pediatria";"S"
42;"Reumatologia";"S"
42;"Salud Publica y Epidemiologia";"S"
42;"Traumatologia y Ortopedia";"S"
42;"Urologia";"S"
43;"Cirugia General";"S"
43;"Cirugia Plastica y Reconstructiva";"S"
43;"Endocrinologia";"S"
43;"Farmacologia Clinica";"S"
43;"Gastroenterologia";"N"
43;"Geriatria";"S"
43;"Hematologia";"S"
43;"Inmunologia";"S"
43;"Medicina de Urgencias";"S"
43;"Medicina Deportiva";"S"
43;"Medicina Fisica y Rehabilitacion";"S"
43;"Medicina Hiperbarica";"S"
43;"Medicina Interna";"S"
43;"Neumologia";"S"
43;"Oncologia";"S"
43;"Patologia Forense";"S"
43;"Psicologia Clinica";"S"
43;"Psiquiatria";"S"
43;"Traumatologia y Ortopedia";"N"
44;"Cirugia Cardiotoracica";"S"
44;"Cirugia Vascular";"S"
44;"Farmacologia Clinica";"S"
44;"Geriatria";"S"
44;"Hematologia";"S"
44;"Inmunologia";"S"
44;"Medicina de Urgencias";"S"
44;"Medicina Interna";"S"
44;"Nefrologia";"S"
44;"Neonatologia";"S"
44;"Neumologia";"S"
44;"Neurologia";"S"
44;"Nutriologia Clinica";"S"
44;"Patologia";"S"
44;"Psicologia Clinica";"S"
44;"Radiologia";"N"
44;"Salud Publica y Epidemiologia";"S"
44;"Unidad de Dolor";"S"
45;"Anestesiologia y Reanimacion";"S"
45;"Cardiologia";"S"
45;"Cirugia Plastica y Reconstructiva";"S"
45;"Dermatologia";"S"
45;"Ginecologia";"S"
45;"Inmunologia";"S"
45;"Medicina de Urgencias";"S"
45;"Medicina Deportiva";"S"
45;"Medicina Fisica y Rehabilitacion";"S"
45;"Medicina Hiperbarica";"N"
45;"Nefrologia";"N"
45;"Neonatologia";"S"
45;"Neumologia";"S"
45;"Neurologia";"S"
45;"Oftalmologia";"S"
45;"Oncologia";"S"
45;"Patologia";"S"
45;"Patologia Forense";"S"
45;"Psicologia Clinica";"S"
45;"Psiquiatria";"S"
45;"Salud Publica y Epidemiologia";"S"
45;"Toxicologia";"S"
45;"Traumatologia y Ortopedia";"S"
45;"Unidad de Dolor";"S"
46;"Cirugia Cardiotoracica";"N"
46;"Cirugia General";"N"
46;"Cirugia Plastica y Reconstructiva";"S"
46;"Cirugia Vascular";"S"
46;"Dermatologia";"S"
46;"Foniatria y Audiologia";"S"
46;"Gastroenterologia";"S"
46;"Geriatria";"S"
46;"Ginecologia";"S"
46;"Hematologia";"S"
46;"Medicina Hiperbarica";"S"
46;"Neumologia";"S"
46;"Neurologia";"S"
46;"Oftalmologia";"S"
46;"Patologia";"S"
46;"Psiquiatria";"S"
46;"Salud Publica y Epidemiologia";"S"
46;"Toxicologia";"N"
46;"Urologia";"N"
47;"Cardiologia";"S"
47;"Cirugia Cardiotoracica";"S"
47;"Cirugia General";"S"
47;"Cirugia Plastica y Reconstructiva";"S"
47;"Cirugia Vascular";"S"
47;"Farmacologia Clinica";"S"
47;"Foniatria y Audiologia";"S"
47;"Gastroenterologia";"S"
47;"Genetica Clinica";"S"
47;"Ginecologia";"S"
47;"Medicina Fisica y Rehabilitacion";"S"
47;"Medicina Hiperbarica";"S"
47;"Medicina Nuclear";"S"
47;"Neurologia";"S"
47;"Nutriologia Clinica";"S"
47;"Oftalmologia";"S"
47;"Patologia Forense";"S"
47;"Pediatria";"S"
47;"Reumatologia";"S"
48;"Anestesiologia y Reanimacion";"N"
48;"Cardiologia";"S"
48;"Cirugia Cardiotoracica";"S"
48;"Dermatologia";"S"
48;"Foniatria y Audiologia";"S"
48;"Geriatria";"S"
48;"Inmunologia";"S"
48;"Medicina de Urgencias";"S"
48;"Medicina Deportiva";"S"
48;"Medicina Hiperbarica";"S"
48;"Medicina Interna";"S"
48;"Nefrologia";"S"
48;"Neonatologia";"S"
48;"Pediatria";"S"
48;"Traumatologia y Ortopedia";"S"
49;"Cirugia Cardiotoracica";"S"
49;"Cirugia General";"S"
49;"Cirugia Plastica y Reconstructiva";"S"
49;"Cirugia Vascular";"S"
49;"Dermatologia";"S"
49;"Farmacologia Clinica";"S"
49;"Gastroenterologia";"S"
49;"Genetica Clinica";"N"
49;"Inmunologia";"S"
49;"Medicina de Urgencias";"S"
49;"Medicina Fisica y Rehabilitacion";"S"
49;"Neonatologia";"S"
49;"Neurologia";"S"
49;"Nutriologia Clinica";"S"
49;"Oncologia";"S"
49;"Otorrinolaringologia";"S"
49;"Patologia";"S"
49;"Patologia Forense";"S"
49;"Psiquiatria";"S"
49;"Radiologia";"S"
49;"Traumatologia y Ortopedia";"S"
49;"Unidad de Dolor";"S"
49;"Urologia";"S"
50;"Anestesiologia y Reanimacion";"N"
50;"Cardiologia";"S"
50;"Cirugia Cardiotoracica";"S"
50;"Cirugia Plastica y Reconstructiva";"S"
50;"Dermatologia";"S"
50;"Farmacologia Clinica";"S"
50;"Foniatria y Audiologia";"S"
50;"Ginecologia";"S"
50;"Medicina de Urgencias";"S"
50;"Medicina del Trabajo";"S"
50;"Medicina Nuclear";"S"
50;"Nefrologia";"S"
50;"Neonatologia";"S"
50;"Neumologia";"S"
50;"Neurologia";"S"
50;"Nutriologia Clinica";"S"
50;"Obstetricia";"S"
50;"Oncologia";"S"
50;"Patologia Forense";"S"
50;"Pediatria";"S"
50;"Reumatologia";"S"
50;"Toxicologia";"N"
50;"Unidad de Dolor";"N"
50;"Urologia";"S"
51;"Cirugia General";"S"
51;"Cirugia Plastica y Reconstructiva";"S"
51;"Dermatologia";"S"
51;"Foniatria y Audiologia";"S"
51;"Ginecologia";"S"
51;"Medicina del Trabajo";"S"
51;"Medicina Deportiva";"S"
51;"Medicina Nuclear";"S"
51;"Nefrologia";"S"
51;"Neurologia";"S"
51;"Obstetricia";"S"
51;"Oftalmologia";"S"
51;"Otorrinolaringologia";"S"
51;"Patologia Forense";"S"
51;"Pediatria";"S"
51;"Salud Publica y Epidemiologia";"N"
51;"Urologia";"S"
52;"Anestesiologia y Reanimacion";"S"
52;"Cirugia Cardiotoracica";"S"
52;"Cirugia Plastica y Reconstructiva";"S"
52;"Cirugia Vascular";"S"
52;"Dermatologia";"S"
52;"Genetica Clinica";"S"
52;"Laboratorio Clinico";"S"
52;"Medicina de Urgencias";"N"
52;"Medicina del Trabajo";"S"
52;"Medicina Deportiva";"S"
52;"Medicina Fisica y Rehabilitacion";"S"
52;"Nefrologia";"S"
52;"Neumologia";"S"
52;"Nutriologia Clinica";"S"
52;"Oftalmologia";"S"
52;"Oncologia";"S"
52;"Otorrinolaringologia";"S"
52;"Pediatria";"N"
52;"Psiquiatria";"S"
53;"Anestesiologia y Reanimacion";"S"
53;"Cardiologia";"S"
53;"Cirugia General";"S"
53;"Dermatologia";"S"
53;"Endocrinologia";"S"
53;"Farmacologia Clinica";"S"
53;"Foniatria y Audiologia";"N"
53;"Gastroenterologia";"S"
53;"Genetica Clinica";"S"
53;"Ginecologia";"S"
53;"Inmunologia";"S"
53;"Laboratorio Clinico";"S"
53;"Medicina de Urgencias";"S"
53;"Nefrologia";"S"
53;"Neonatologia";"S"
53;"Neumologia";"S"
53;"Obstetricia";"S"
53;"Oncologia";"S"
53;"Patologia";"N"
53;"Traumatologia y Ortopedia";"S"
54;"Anestesiologia y Reanimacion";"S"
54;"Cirugia General";"S"
54;"Cirugia Plastica y Reconstructiva";"S"
54;"Farmacologia Clinica";"S"
54;"Foniatria y Audiologia";"S"
54;"Gastroenterologia";"S"
54;"Genetica Clinica";"S"
54;"Ginecologia";"S"
54;"Inmunologia";"N"
54;"Medicina de Urgencias";"S"
54;"Medicina Deportiva";"S"
54;"Medicina Fisica y Rehabilitacion";"S"
54;"Nefrologia";"S"
54;"Neonatologia";"S"
54;"Neumologia";"S"
54;"Oncologia";"S"
54;"Otorrinolaringologia";"S"
54;"Patologia";"S"
54;"Patologia Forense";"S"
54;"Pediatria";"S"
54;"Psicologia Clinica";"N"
54;"Radiologia";"S"
54;"Reumatologia";"S"
55;"Anestesiologia y Reanimacion";"S"
55;"Cirugia Cardiotoracica";"S"
55;"Cirugia Plastica y Reconstructiva";"S"
55;"Cirugia Vascular";"S"
55;"Farmacologia Clinica";"S"
55;"Foniatria y Audiologia";"S"
55;"Hematologia";"S"
55;"Laboratorio Clinico";"S"
55;"Medicina de Urgencias";"S"
55;"Medicina Deportiva";"S"
55;"Medicina Interna";"N"
55;"Nefrologia";"S"
55;"Neurologia";"S"
55;"Nutriologia Clinica";"S"
55;"Obstetricia";"S"
55;"Oftalmologia";"S"
55;"Otorrinolaringologia";"S"
55;"Patologia Forense";"S"
55;"Psicologia Clinica";"S"
55;"Psiquiatria";"S"
55;"Radiologia";"N"
55;"Reumatologia";"S"
55;"Toxicologia";"S"
55;"Traumatologia y Ortopedia";"S"
56;"Anestesiologia y Reanimacion";"S"
56;"Cirugia Plastica y Reconstructiva";"S"
56;"Cirugia Vascular";"S"
56;"Dermatologia";"S"
56;"Farmacologia Clinica";"S"
56;"Hematologia";"S"
56;"Medicina de Urgencias";"S"
56;"Medicina del Trabajo";"N"
56;"Medicina Fisica y Rehabilitacion";"S"
56;"Medicina Nuclear";"S"
56;"Nefrologia";"S"
56;"Neonatologia";"S"
56;"Neumologia";"S"
56;"Oftalmologia";"S"
56;"Patologia";"S"
56;"Patologia Forense";"S"
56;"Psiquiatria";"N"
56;"Radiologia";"N"
56;"Traumatologia y Ortopedia";"S"
57;"Cirugia Cardiotoracica";"S"
57;"Cirugia Plastica y Reconstructiva";"S"
57;"Dermatologia";"S"
57;"Foniatria y Audiologia";"S"
57;"Geriatria";"S"
57;"Hematologia";"S"
57;"Inmunologia";"S"
57;"Laboratorio Clinico";"S"
57;"Medicina Fisica y Rehabilitacion";"N"
57;"Medicina Interna";"N"
57;"Medicina Nuclear";"N"
57;"Nefrologia";"S"
57;"Neumologia";"S"
57;"Neurologia";"S"
57;"Nutriologia Clinica";"S"
57;"Obstetricia";"S"
57;"Oftalmologia";"S"
57;"Patologia Forense";"S"
57;"Pediatria";"S"
57;"Psicologia Clinica";"S"
57;"Toxicologia";"S"
57;"Unidad de Dolor";"S"
58;"Cirugia Cardiotoracica";"S"
58;"Dermatologia";"S"
58;"Endocrinologia";"S"
58;"Farmacologia Clinica";"S"
58;"Foniatria y Audiologia";"S"
58;"Gastroenterologia";"S"
58;"Genetica Clinica";"S"
58;"Hematologia";"N"
58;"Medicina de Urgencias";"S"
58;"Medicina del Trabajo";"S"
58;"Medicina Fisica y Rehabilitacion";"S"
58;"Nefrologia";"S"
58;"Neonatologia";"S"
58;"Neurologia";"S"
58;"Otorrinolaringologia";"S"
58;"Patologia Forense";"S"
58;"Traumatologia y Ortopedia";"N"
59;"Cardiologia";"S"
59;"Cirugia Vascular";"S"
59;"Dermatologia";"S"
59;"Gastroenterologia";"S"
59;"Geriatria";"S"
59;"Hematologia";"S"
59;"Inmunologia";"N"
59;"Nefrologia";"N"
59;"Nutriologia Clinica";"S"
59;"Patologia";"S"
59;"Pediatria";"S"
60;"Cirugia Cardiotoracica";"S"
60;"Cirugia General";"N"
60;"Cirugia Vascular";"S"
60;"Dermatologia";"S"
60;"Endocrinologia";"S"
60;"Hematologia";"N"
60;"Medicina de Urgencias";"S"
60;"Medicina Interna";"S"
60;"Nutriologia Clinica";"S"
60;"Oftalmologia";"S"
60;"Patologia";"S"
60;"Patologia Forense";"S"
60;"Psicologia Clinica";"S"
60;"Salud Publica y Epidemiologia";"N"
60;"Traumatologia y Ortopedia";"S"
61;"Anestesiologia y Reanimacion";"S"
61;"Cardiologia";"S"
61;"Endocrinologia";"S"
61;"Farmacologia Clinica";"S"
61;"Ginecologia";"S"
61;"Inmunologia";"S"
61;"Medicina de Urgencias";"S"
61;"Medicina Fisica y Rehabilitacion";"S"
61;"Medicina Interna";"S"
61;"Medicina Nuclear";"S"
61;"Nefrologia";"S"
61;"Neonatologia";"S"
61;"Neumologia";"S"
61;"Oftalmologia";"S"
61;"Oncologia";"S"
61;"Otorrinolaringologia";"N"
61;"Patologia";"N"
61;"Radiologia";"S"
61;"Reumatologia";"S"
61;"Toxicologia";"S"
61;"Traumatologia y Ortopedia";"S"
61;"Urologia";"S"
62;"Cardiologia";"N"
62;"Cirugia Vascular";"S"
62;"Dermatologia";"S"
62;"Genetica Clinica";"S"
62;"Geriatria";"S"
62;"Inmunologia";"S"
62;"Medicina Nuclear";"S"
62;"Neumologia";"S"
62;"Oncologia";"S"
62;"Reumatologia";"S"
63;"Cardiologia";"S"
63;"Dermatologia";"S"
63;"Gastroenterologia";"S"
63;"Genetica Clinica";"S"
63;"Geriatria";"N"
63;"Inmunologia";"S"
63;"Medicina Deportiva";"S"
63;"Medicina Fisica y Rehabilitacion";"S"
63;"Neumologia";"S"
63;"Neurologia";"S"
63;"Obstetricia";"S"
63;"Otorrinolaringologia";"S"
63;"Pediatria";"S"
63;"Psicologia Clinica";"N"
63;"Psiquiatria";"S"
63;"Reumatologia";"S"
63;"Salud Publica y Epidemiologia";"S"
63;"Unidad de Dolor";"S"
63;"Urologia";"S"
64;"Anestesiologia y Reanimacion";"S"
64;"Cardiologia";"S"
64;"Cirugia General";"N"
64;"Farmacologia Clinica";"S"
64;"Geriatria";"S"
64;"Medicina Fisica y Rehabilitacion";"S"
64;"Medicina Hiperbarica";"S"
64;"Medicina Nuclear";"S"
64;"Nefrologia";"S"
64;"Neumologia";"S"
64;"Neurologia";"N"
64;"Obstetricia";"S"
64;"Otorrinolaringologia";"S"
64;"Patologia Forense";"S"
64;"Psiquiatria";"S"
64;"Reumatologia";"S"
64;"Traumatologia y Ortopedia";"S"
65;"Cardiologia";"S"
65;"Cirugia Vascular";"S"
65;"Dermatologia";"S"
65;"Endocrinologia";"S"
65;"Foniatria y Audiologia";"S"
65;"Gastroenterologia";"N"
65;"Genetica Clinica";"S"
65;"Hematologia";"S"
65;"Medicina del Trabajo";"S"
65;"Medicina Nuclear";"S"
65;"Neumologia";"S"
65;"Neurologia";"S"
65;"Oftalmologia";"S"
65;"Patologia";"S"
65;"Patologia Forense";"S"
65;"Psicologia Clinica";"S"
65;"Reumatologia";"S"
65;"Salud Publica y Epidemiologia";"S"
66;"Anestesiologia y Reanimacion";"N"
66;"Cirugia General";"S"
66;"Cirugia Plastica y Reconstructiva";"S"
66;"Farmacologia Clinica";"S"
66;"Foniatria y Audiologia";"S"
66;"Gastroenterologia";"S"
66;"Genetica Clinica";"S"
66;"Geriatria";"S"
66;"Inmunologia";"S"
66;"Medicina del Trabajo";"S"
66;"Medicina Interna";"S"
66;"Medicina Nuclear";"S"
66;"Nefrologia";"S"
66;"Neumologia";"S"
66;"Neurologia";"S"
66;"Nutriologia Clinica";"S"
66;"Obstetricia";"S"
66;"Oncologia";"S"
66;"Otorrinolaringologia";"S"
66;"Patologia Forense";"S"
66;"Psicologia Clinica";"S"
66;"Salud Publica y Epidemiologia";"N"
66;"Urologia";"N"
67;"Anestesiologia y Reanimacion";"S"
67;"Cardiologia";"S"
67;"Cirugia Cardiotoracica";"S"
67;"Cirugia General";"S"
67;"Cirugia Plastica y Reconstructiva";"S"
67;"Dermatologia";"S"
67;"Endocrinologia";"S"
67;"Ginecologia";"S"
67;"Laboratorio Clinico";"S"
67;"Medicina del Trabajo";"S"
67;"Medicina Hiperbarica";"S"
67;"Nefrologia";"N"
67;"Obstetricia";"S"
67;"Otorrinolaringologia";"S"
67;"Patologia";"S"
67;"Pediatria";"S"
67;"Psicologia Clinica";"S"
68;"Dermatologia";"S"
68;"Farmacologia Clinica";"S"
68;"Foniatria y Audiologia";"S"
68;"Gastroenterologia";"S"
68;"Geriatria";"N"
68;"Hematologia";"S"
68;"Medicina del Trabajo";"S"
68;"Medicina Deportiva";"S"
68;"Neonatologia";"S"
68;"Otorrinolaringologia";"S"
68;"Pediatria";"S"
68;"Psicologia Clinica";"S"
68;"Reumatologia";"S"
68;"Toxicologia";"S"
68;"Urologia";"S"
69;"Cardiologia";"S"
69;"Cirugia Cardiotoracica";"S"
69;"Cirugia General";"S"
69;"Cirugia Plastica y Reconstructiva";"S"
69;"Cirugia Vascular";"N"
69;"Gastroenterologia";"N"
69;"Genetica Clinica";"S"
69;"Ginecologia";"S"
69;"Hematologia";"S"
69;"Laboratorio Clinico";"S"
69;"Medicina de Urgencias";"S"
69;"Medicina Hiperbarica";"S"
69;"Nefrologia";"S"
69;"Neonatologia";"S"
69;"Neumologia";"S"
69;"Neurologia";"S"
69;"Obstetricia";"S"
69;"Oftalmologia";"S"
69;"Oncologia";"S"
69;"Otorrinolaringologia";"S"
69;"Patologia Forense";"N"
70;"Anestesiologia y Reanimacion";"S"
70;"Cirugia Cardiotoracica";"S"
70;"Cirugia Vascular";"S"
70;"Dermatologia";"S"
70;"Endocrinologia";"S"
70;"Farmacologia Clinica";"S"
70;"Gastroenterologia";"S"
70;"Hematologia";"N"
70;"Laboratorio Clinico";"S"
70;"Medicina Deportiva";"S"
70;"Medicina Fisica y Rehabilitacion";"S"
70;"Medicina Nuclear";"S"
70;"Nefrologia";"S"
70;"Neurologia";"S"
70;"Nutriologia Clinica";"S"
70;"Oncologia";"S"
70;"Patologia Forense";"S"
70;"Psicologia Clinica";"S"
70;"Reumatologia";"N"
70;"Salud Publica y Epidemiologia";"S"
70;"Toxicologia";"S"
70;"Unidad de Dolor";"S"
71;"Cardiologia";"S"
71;"Cirugia General";"S"
71;"Cirugia Plastica y Reconstructiva";"S"
71;"Cirugia Vascular";"S"
71;"Foniatria y Audiologia";"S"
71;"Gastroenterologia";"N"
71;"Genetica Clinica";"S"
71;"Geriatria";"S"
71;"Ginecologia";"S"
71;"Hematologia";"S"
71;"Inmunologia";"S"
71;"Medicina del Trabajo";"S"
71;"Medicina Fisica y Rehabilitacion";"S"
71;"Nefrologia";"S"
71;"Neumologia";"S"
71;"Neurologia";"S"
71;"Obstetricia";"S"
71;"Oncologia";"N"
71;"Patologia Forense";"N"
71;"Radiologia";"S"
71;"Reumatologia";"S"
71;"Salud Publica y Epidemiologia";"S"
72;"Anestesiologia y Reanimacion";"S"
72;"Cirugia Plastica y Reconstructiva";"S"
72;"Cirugia Vascular";"S"
72;"Gastroenterologia";"S"
72;"Ginecologia";"S"
72;"Inmunologia";"S"
72;"Medicina Fisica y Rehabilitacion";"N"
72;"Medicina Hiperbarica";"S"
72;"Medicina Interna";"S"
72;"Nefrologia";"S"
72;"Neumologia";"S"
72;"Patologia";"S"
72;"Pediatria";"S"
72;"Psicologia Clinica";"S"
72;"Psiquiatria";"S"
72;"Salud Publica y Epidemiologia";"N"
72;"Traumatologia y Ortopedia";"S"
73;"Cardiologia";"S"
73;"Cirugia Cardiotoracica";"S"
73;"Cirugia General";"S"
73;"Farmacologia Clinica";"S"
73;"Genetica Clinica";"S"
73;"Geriatria";"S"
73;"Hematologia";"S"
73;"Medicina Deportiva";"S"
73;"Medicina Nuclear";"S"
73;"Neumologia";"S"
73;"Oftalmologia";"N"
73;"Psicologia Clinica";"S"
73;"Psiquiatria";"S"
73;"Radiologia";"S"
73;"Toxicologia";"S"
73;"Traumatologia y Ortopedia";"S"
74;"Cirugia General";"S"
74;"Cirugia Plastica y Reconstructiva";"S"
74;"Endocrinologia";"S"
74;"Gastroenterologia";"S"
74;"Ginecologia";"S"
74;"Medicina del Trabajo";"S"
74;"Medicina Hiperbarica";"N"
74;"Medicina Interna";"S"
74;"Neumologia";"S"
74;"Neurologia";"S"
74;"Oftalmologia";"S"
74;"Otorrinolaringologia";"S"
74;"Patologia Forense";"S"
74;"Pediatria";"S"
74;"Psiquiatria";"S"
75;"Anestesiologia y Reanimacion";"S"
75;"Cirugia General";"S"
75;"Cirugia Plastica y Reconstructiva";"S"
75;"Endocrinologia";"S"
75;"Farmacologia Clinica";"S"
75;"Ginecologia";"S"
75;"Medicina Fisica y Rehabilitacion";"S"
75;"Medicina Nuclear";"S"
75;"Nefrologia";"S"
75;"Neurologia";"S"
75;"Nutriologia Clinica";"S"
75;"Oncologia";"S"
75;"Otorrinolaringologia";"S"
75;"Patologia";"S"
75;"Pediatria";"S"
75;"Salud Publica y Epidemiologia";"S"
75;"Traumatologia y Ortopedia";"S"
75;"Urologia";"S"
76;"Anestesiologia y Reanimacion";"S"
76;"Cirugia Cardiotoracica";"S"
76;"Dermatologia";"S"
76;"Endocrinologia";"S"
76;"Farmacologia Clinica";"S"
76;"Gastroenterologia";"S"
76;"Ginecologia";"S"
76;"Hematologia";"S"
76;"Medicina Interna";"N"
76;"Medicina Nuclear";"S"
76;"Nefrologia";"S"
76;"Neumologia";"S"
76;"Neurologia";"S"
76;"Nutriologia Clinica";"S"
76;"Psiquiatria";"N"
76;"Reumatologia";"N"
76;"Salud Publica y Epidemiologia";"S"
76;"Traumatologia y Ortopedia";"S"
77;"Cardiologia";"S"
77;"Cirugia Vascular";"S"
77;"Dermatologia";"S"
77;"Endocrinologia";"S"
77;"Foniatria y Audiologia";"S"
77;"Gastroenterologia";"S"
77;"Medicina de Urgencias";"S"
77;"Medicina Deportiva";"S"
77;"Medicina Hiperbarica";"S"
77;"Nefrologia";"S"
77;"Neonatologia";"S"
77;"Neumologia";"S"
77;"Neurologia";"S"
77;"Nutriologia Clinica";"S"
77;"Obstetricia";"S"
77;"Oftalmologia";"S"
77;"Otorrinolaringologia";"S"
77;"Patologia";"N"
77;"Patologia Forense";"N"
77;"Pediatria";"S"
77;"Psiquiatria";"S"
77;"Reumatologia";"S"
77;"Salud Publica y Epidemiologia";"S"
77;"Traumatologia y Ortopedia";"S"
78;"Cirugia Cardiotoracica";"S"
78;"Cirugia General";"S"
78;"Cirugia Plastica y Reconstructiva";"S"
78;"Cirugia Vascular";"S"
78;"Foniatria y Audiologia";"S"
78;"Gastroenterologia";"S"
78;"Genetica Clinica";"S"
78;"Ginecologia";"S"
78;"Hematologia";"S"
78;"Laboratorio Clinico";"S"
78;"Medicina del Trabajo";"S"
78;"Medicina Deportiva";"S"
78;"Medicina Fisica y Rehabilitacion";"N"
78;"Medicina Nuclear";"S"
78;"Neonatologia";"S"
78;"Neumologia";"S"
78;"Neurologia";"S"
78;"Nutriologia Clinica";"S"
78;"Oftalmologia";"S"
78;"Pediatria";"S"
78;"Radiologia";"S"
78;"Salud Publica y Epidemiologia";"S"
78;"Unidad de Dolor";"S"
79;"Anestesiologia y Reanimacion";"S"
79;"Cardiologia";"S"
79;"Cirugia General";"N"
79;"Cirugia Vascular";"N"
79;"Dermatologia";"S"
79;"Farmacologia Clinica";"S"
79;"Laboratorio Clinico";"S"
79;"Medicina Fisica y Rehabilitacion";"S"
79;"Medicina Interna";"S"
79;"Neonatologia";"S"
79;"Neurologia";"S"
79;"Nutriologia Clinica";"S"
79;"Oncologia";"S"
79;"Patologia Forense";"S"
79;"Pediatria";"S"
79;"Psicologia Clinica";"S"
79;"Radiologia";"S"
79;"Salud Publica y Epidemiologia";"S"
79;"Toxicologia";"S"
80;"Cardiologia";"N"
80;"Cirugia General";"S"
80;"Dermatologia";"S"
80;"Gastroenterologia";"S"
80;"Genetica Clinica";"S"
80;"Geriatria";"S"
80;"Hematologia";"S"
80;"Medicina Fisica y Rehabilitacion";"S"
80;"Medicina Nuclear";"S"
80;"Neumologia";"S"
80;"Neurologia";"S"
80;"Obstetricia";"S"
80;"Patologia";"S"
80;"Psicologia Clinica";"S"
80;"Radiologia";"N"
80;"Salud Publica y Epidemiologia";"N"
80;"Toxicologia";"S"
81;"Anestesiologia y Reanimacion";"S"
81;"Cardiologia";"S"
81;"Cirugia Vascular";"S"
81;"Ginecologia";"S"
81;"Medicina de Urgencias";"S"
81;"Medicina Hiperbarica";"S"
81;"Medicina Interna";"S"
81;"Medicina Nuclear";"S"
81;"Nefrologia";"S"
81;"Neonatologia";"S"
81;"Patologia";"S"
81;"Radiologia";"S"
81;"Salud Publica y Epidemiologia";"S"
82;"Cardiologia";"S"
82;"Cirugia Vascular";"S"
82;"Dermatologia";"S"
82;"Endocrinologia";"S"
82;"Farmacologia Clinica";"S"
82;"Gastroenterologia";"S"
82;"Genetica Clinica";"S"
82;"Geriatria";"N"
82;"Ginecologia";"S"
82;"Inmunologia";"S"
82;"Medicina Fisica y Rehabilitacion";"S"
82;"Medicina Interna";"S"
82;"Obstetricia";"S"
82;"Oftalmologia";"S"
82;"Oncologia";"S"
82;"Patologia";"S"
82;"Patologia Forense";"S"
82;"Pediatria";"S"
82;"Psiquiatria";"S"
82;"Radiologia";"N"
82;"Reumatologia";"S"
82;"Salud Publica y Epidemiologia";"S"
82;"Unidad de Dolor";"S"
82;"Urologia";"S"
83;"Cardiologia";"S"
83;"Cirugia Cardiotoracica";"S"
83;"Cirugia General";"S"
83;"Cirugia Vascular";"S"
83;"Dermatologia";"S"
83;"Farmacologia Clinica";"S"
83;"Gastroenterologia";"S"
83;"Geriatria";"S"
83;"Ginecologia";"S"
83;"Hematologia";"S"
83;"Medicina Deportiva";"S"
83;"Medicina Fisica y Rehabilitacion";"S"
83;"Medicina Hiperbarica";"S"
83;"Nefrologia";"S"
83;"Neumologia";"S"
83;"Pediatria";"N"
83;"Psicologia Clinica";"S"
83;"Psiquiatria";"S"
83;"Unidad de Dolor";"S"
83;"Urologia";"S"
84;"Anestesiologia y Reanimacion";"S"
84;"Cardiologia";"S"
84;"Cirugia General";"S"
84;"Cirugia Plastica y Reconstructiva";"S"
84;"Endocrinologia";"S"
84;"Farmacologia Clinica";"S"
84;"Foniatria y Audiologia";"S"
84;"Gastroenterologia";"S"
84;"Genetica Clinica";"S"
84;"Medicina Fisica y Rehabilitacion";"S"
84;"Medicina Nuclear";"S"
84;"Nefrologia";"N"
84;"Neumologia";"S"
84;"Otorrinolaringologia";"S"
84;"Patologia Forense";"S"
84;"Psiquiatria";"S"
84;"Traumatologia y Ortopedia";"S"
85;"Cirugia Cardiotoracica";"S"
85;"Cirugia General";"S"
85;"Cirugia Plastica y Reconstructiva";"S"
85;"Cirugia Vascular";"S"
85;"Genetica Clinica";"S"
85;"Hematologia";"S"
85;"Inmunologia";"S"
85;"Laboratorio Clinico";"S"
85;"Medicina Hiperbarica";"S"
85;"Medicina Nuclear";"S"
85;"Nefrologia";"S"
85;"Nutriologia Clinica";"S"
85;"Patologia";"S"
85;"Reumatologia";"S"
85;"Salud Publica y Epidemiologia";"S"
85;"Urologia";"S"
86;"Cirugia Cardiotoracica";"S"
86;"Cirugia General";"S"
86;"Gastroenterologia";"S"
86;"Hematologia";"S"
86;"Inmunologia";"S"
86;"Medicina de Urgencias";"S"
86;"Medicina del Trabajo";"S"
86;"Medicina Deportiva";"S"
86;"Medicina Fisica y Rehabilitacion";"S"
86;"Medicina Hiperbarica";"N"
86;"Medicina Nuclear";"S"
86;"Nefrologia";"S"
86;"Neonatologia";"S"
86;"Neumologia";"S"
86;"Neurologia";"S"
86;"Oncologia";"S"
86;"Psiquiatria";"S"
86;"Radiologia";"S"
86;"Reumatologia";"S"
86;"Salud Publica y Epidemiologia";"S"
86;"Toxicologia";"S"
86;"Traumatologia y Ortopedia";"S"
86;"Unidad de Dolor";"S"
87;"Cardiologia";"S"
87;"Cirugia General";"S"
87;"Endocrinologia";"S"
87;"Farmacologia Clinica";"N"
87;"Foniatria y Audiologia";"S"
87;"Geriatria";"S"
87;"Ginecologia";"S"
87;"Hematologia";"S"
87;"Medicina Fisica y Rehabilitacion";"N"
87;"Nefrologia";"S"
87;"Neumologia";"S"
87;"Obstetricia";"S"
87;"Otorrinolaringologia";"S"
87;"Patologia";"S"
87;"Radiologia";"S"
87;"Reumatologia";"N"
87;"Toxicologia";"S"
87;"Urologia";"S"
88;"Anestesiologia y Reanimacion";"S"
88;"Cirugia Cardiotoracica";"S"
88;"Cirugia General";"S"
88;"Cirugia Plastica y Reconstructiva";"S"
88;"Cirugia Vascular";"S"
88;"Farmacologia Clinica";"S"
88;"Genetica Clinica";"S"
88;"Ginecologia";"S"
88;"Inmunologia";"S"
88;"Medicina de Urgencias";"S"
88;"Medicina Hiperbarica";"S"
88;"Medicina Nuclear";"S"
88;"Neumologia";"S"
88;"Neurologia";"S"
88;"Obstetricia";"S"
88;"Otorrinolaringologia";"S"
88;"Patologia";"S"
88;"Patologia Forense";"S"
88;"Pediatria";"N"
88;"Psiquiatria";"S"
88;"Radiologia";"S"
88;"Unidad de Dolor";"S"
89;"Anestesiologia y Reanimacion";"S"
89;"Cirugia Vascular";"S"
89;"Farmacologia Clinica";"S"
89;"Foniatria y Audiologia";"S"
89;"Geriatria";"S"
89;"Ginecologia";"S"
89;"Medicina Fisica y Rehabilitacion";"S"
89;"Medicina Interna";"S"
89;"Medicina Nuclear";"S"
89;"Nefrologia";"S"
89;"Oftalmologia";"S"
89;"Patologia";"N"
89;"Psicologia Clinica";"S"
89;"Psiquiatria";"S"
89;"Urologia";"S"
90;"Cardiologia";"S"
90;"Cirugia General";"S"
90;"Cirugia Plastica y Reconstructiva";"S"
90;"Dermatologia";"S"
90;"Farmacologia Clinica";"S"
90;"Foniatria y Audiologia";"S"
90;"Gastroenterologia";"N"
90;"Geriatria";"S"
90;"Hematologia";"S"
90;"Inmunologia";"S"
90;"Medicina del Trabajo";"S"
90;"Medicina Deportiva";"S"
90;"Medicina Fisica y Rehabilitacion";"S"
90;"Medicina Interna";"S"
90;"Medicina Nuclear";"S"
90;"Nefrologia";"S"
90;"Neonatologia";"S"
90;"Oncologia";"S"
90;"Patologia";"S"
90;"Psicologia Clinica";"S"
90;"Psiquiatria";"N"
90;"Salud Publica y Epidemiologia";"S"
90;"Traumatologia y Ortopedia";"S"
90;"Unidad de Dolor";"S"
91;"Anestesiologia y Reanimacion";"S"
91;"Cirugia Cardiotoracica";"S"
91;"Cirugia Vascular";"S"
91;"Dermatologia";"S"
91;"Endocrinologia";"S"
91;"Gastroenterologia";"S"
91;"Geriatria";"N"
91;"Ginecologia";"N"
91;"Hematologia";"N"
91;"Medicina Hiperbarica";"S"
91;"Medicina Nuclear";"S"
91;"Neonatologia";"S"
91;"Neumologia";"S"
91;"Neurologia";"S"
91;"Nutriologia Clinica";"S"
91;"Obstetricia";"S"
91;"Oftalmologia";"S"
91;"Otorrinolaringologia";"S"
91;"Radiologia";"S"
91;"Salud Publica y Epidemiologia";"N"
91;"Toxicologia";"S"
92;"Anestesiologia y Reanimacion";"S"
92;"Endocrinologia";"S"
92;"Farmacologia Clinica";"S"
92;"Foniatria y Audiologia";"S"
92;"Geriatria";"S"
92;"Inmunologia";"S"
92;"Medicina del Trabajo";"N"
92;"Medicina Deportiva";"N"
92;"Medicina Interna";"S"
92;"Nefrologia";"S"
92;"Neumologia";"S"
92;"Neurologia";"S"
92;"Nutriologia Clinica";"S"
92;"Obstetricia";"S"
92;"Urologia";"S"
93;"Anestesiologia y Reanimacion";"S"
93;"Cirugia General";"S"
93;"Dermatologia";"S"
93;"Gastroenterologia";"S"
93;"Genetica Clinica";"S"
93;"Ginecologia";"S"
93;"Inmunologia";"N"
93;"Medicina Deportiva";"S"
93;"Medicina Fisica y Rehabilitacion";"S"
93;"Medicina Nuclear";"S"
93;"Nefrologia";"S"
93;"Neumologia";"N"
93;"Nutriologia Clinica";"S"
93;"Obstetricia";"N"
93;"Otorrinolaringologia";"N"
93;"Patologia";"S"
93;"Toxicologia";"S"
93;"Traumatologia y Ortopedia";"S"
93;"Urologia";"S"
94;"Cirugia General";"S"
94;"Farmacologia Clinica";"S"
94;"Foniatria y Audiologia";"S"
94;"Gastroenterologia";"S"
94;"Geriatria";"S"
94;"Medicina de Urgencias";"S"
94;"Medicina Deportiva";"S"
94;"Medicina Interna";"S"
94;"Medicina Nuclear";"S"
94;"Nefrologia";"N"
94;"Neumologia";"S"
94;"Obstetricia";"S"
94;"Oftalmologia";"S"
94;"Oncologia";"S"
94;"Patologia";"S"
94;"Psiquiatria";"S"
94;"Reumatologia";"S"
94;"Salud Publica y Epidemiologia";"S"
94;"Traumatologia y Ortopedia";"S"
94;"Unidad de Dolor";"S"
95;"Cardiologia";"S"
95;"Cirugia General";"S"
95;"Cirugia Plastica y Reconstructiva";"S"
95;"Cirugia Vascular";"S"
95;"Dermatologia";"S"
95;"Endocrinologia";"S"
95;"Farmacologia Clinica";"S"
95;"Gastroenterologia";"S"
95;"Medicina Interna";"S"
95;"Medicina Nuclear";"S"
95;"Nefrologia";"S"
95;"Neonatologia";"S"
95;"Neumologia";"S"
95;"Neurologia";"S"
95;"Otorrinolaringologia";"S"
95;"Patologia Forense";"S"
95;"Radiologia";"S"
95;"Reumatologia";"S"
95;"Toxicologia";"S"
96;"Anestesiologia y Reanimacion";"S"
96;"Cirugia Cardiotoracica";"S"
96;"Dermatologia";"S"
96;"Endocrinologia";"S"
96;"Foniatria y Audiologia";"N"
96;"Gastroenterologia";"S"
96;"Medicina de Urgencias";"S"
96;"Medicina Fisica y Rehabilitacion";"S"
96;"Medicina Nuclear";"S"
96;"Neumologia";"S"
96;"Obstetricia";"S"
96;"Patologia Forense";"S"
96;"Psicologia Clinica";"S"
96;"Psiquiatria";"S"
96;"Reumatologia";"S"
96;"Salud Publica y Epidemiologia";"S"
97;"Anestesiologia y Reanimacion";"S"
97;"Cardiologia";"S"
97;"Cirugia Cardiotoracica";"S"
97;"Cirugia Plastica y Reconstructiva";"S"
97;"Dermatologia";"S"
97;"Endocrinologia";"S"
97;"Gastroenterologia";"S"
97;"Genetica Clinica";"S"
97;"Geriatria";"S"
97;"Ginecologia";"S"
97;"Hematologia";"S"
97;"Inmunologia";"S"
97;"Laboratorio Clinico";"S"
97;"Medicina Hiperbarica";"S"
97;"Medicina Interna";"S"
97;"Neumologia";"S"
97;"Nutriologia Clinica";"S"
97;"Obstetricia";"S"
97;"Oncologia";"S"
97;"Otorrinolaringologia";"S"
97;"Patologia";"N"
97;"Pediatria";"S"
97;"Reumatologia";"S"
97;"Traumatologia y Ortopedia";"S"
97;"Unidad de Dolor";"S"
98;"Cardiologia";"S"
98;"Cirugia Cardiotoracica";"S"
98;"Cirugia General";"S"
98;"Cirugia Plastica y Reconstructiva";"S"
98;"Dermatologia";"S"
98;"Endocrinologia";"S"
98;"Genetica Clinica";"S"
98;"Ginecologia";"S"
98;"Hematologia";"S"
98;"Inmunologia";"S"
98;"Laboratorio Clinico";"S"
98;"Medicina Deportiva";"S"
98;"Medicina Interna";"S"
98;"Neurologia";"S"
98;"Obstetricia";"S"
98;"Otorrinolaringologia";"S"
98;"Patologia";"S"
98;"Pediatria";"S"
98;"Reumatologia";"N"
98;"Unidad de Dolor";"S"
99;"Cardiologia";"S"
99;"Cirugia Cardiotoracica";"S"
99;"Cirugia Plastica y Reconstructiva";"S"
99;"Cirugia Vascular";"S"
99;"Endocrinologia";"S"
99;"Gastroenterologia";"S"
99;"Medicina Fisica y Rehabilitacion";"S"
99;"Nefrologia";"S"
99;"Neurologia";"S"
99;"Obstetricia";"S"
99;"Pediatria";"S"
99;"Psiquiatria";"S"
99;"Radiologia";"S"
99;"Salud Publica y Epidemiologia";"S"
99;"Urologia";"S"
100;"Anestesiologia y Reanimacion";"S"
100;"Cirugia Cardiotoracica";"S"
100;"Cirugia General";"S"
100;"Cirugia Vascular";"S"
100;"Endocrinologia";"S"
100;"Genetica Clinica";"S"
100;"Ginecologia";"S"
100;"Inmunologia";"S"
100;"Medicina de Urgencias";"S"
100;"Medicina Deportiva";"S"
100;"Medicina Interna";"S"
100;"Nefrologia";"S"
100;"Neumologia";"S"
100;"Neurologia";"N"
100;"Nutriologia Clinica";"S"
100;"Obstetricia";"S"
100;"Patologia";"S"
100;"Reumatologia";"S"
100;"Traumatologia y Ortopedia";"S"
100;"Unidad de Dolor";"S"
100;"Urologia";"S"
101;"Anestesiologia y Reanimacion";"S"
101;"Cirugia Cardiotoracica";"S"
101;"Endocrinologia";"S"
101;"Farmacologia Clinica";"S"
101;"Foniatria y Audiologia";"S"
101;"Genetica Clinica";"N"
101;"Medicina Hiperbarica";"N"
101;"Neumologia";"N"
101;"Neurologia";"S"
101;"Nutriologia Clinica";"S"
101;"Obstetricia";"S"
101;"Oftalmologia";"S"
101;"Oncologia";"S"
101;"Pediatria";"S"
101;"Psicologia Clinica";"S"
101;"Reumatologia";"S"
101;"Toxicologia";"S"
101;"Traumatologia y Ortopedia";"S"
102;"Cirugia General";"S"
102;"Cirugia Vascular";"S"
102;"Dermatologia";"S"
102;"Foniatria y Audiologia";"N"
102;"Gastroenterologia";"N"
102;"Ginecologia";"S"
102;"Laboratorio Clinico";"S"
102;"Medicina de Urgencias";"S"
102;"Medicina Interna";"S"
102;"Medicina Nuclear";"S"
102;"Neonatologia";"S"
102;"Neumologia";"S"
102;"Neurologia";"S"
102;"Oncologia";"N"
102;"Otorrinolaringologia";"S"
102;"Patologia";"S"
102;"Patologia Forense";"S"
102;"Pediatria";"S"
102;"Psicologia Clinica";"S"
102;"Psiquiatria";"S"
102;"Radiologia";"S"
102;"Reumatologia";"S"
102;"Salud Publica y Epidemiologia";"N"
102;"Urologia";"S"
103;"Cardiologia";"S"
103;"Cirugia General";"S"
103;"Gastroenterologia";"S"
103;"Genetica Clinica";"S"
103;"Ginecologia";"S"
103;"Hematologia";"S"
103;"Medicina de Urgencias";"S"
103;"Medicina Fisica y Rehabilitacion";"S"
103;"Medicina Nuclear";"S"
103;"Nefrologia";"S"
103;"Neonatologia";"S"
103;"Neumologia";"N"
103;"Nutriologia Clinica";"S"
103;"Oftalmologia";"S"
103;"Oncologia";"S"
103;"Otorrinolaringologia";"S"
103;"Radiologia";"S"
103;"Reumatologia";"S"
103;"Salud Publica y Epidemiologia";"S"
103;"Urologia";"S"
104;"Cardiologia";"S"
104;"Cirugia Cardiotoracica";"S"
104;"Endocrinologia";"S"
104;"Farmacologia Clinica";"S"
104;"Gastroenterologia";"S"
104;"Genetica Clinica";"S"
104;"Geriatria";"S"
104;"Hematologia";"S"
104;"Medicina del Trabajo";"S"
104;"Medicina Deportiva";"S"
104;"Medicina Fisica y Rehabilitacion";"N"
104;"Medicina Interna";"S"
104;"Medicina Nuclear";"S"
104;"Nefrologia";"S"
104;"Neonatologia";"S"
104;"Neurologia";"S"
104;"Nutriologia Clinica";"S"
104;"Oftalmologia";"S"
104;"Oncologia";"S"
104;"Pediatria";"S"
104;"Radiologia";"S"
104;"Reumatologia";"S"
104;"Urologia";"S"
105;"Cardiologia";"S"
105;"Cirugia Plastica y Reconstructiva";"N"
105;"Cirugia Vascular";"S"
105;"Endocrinologia";"S"
105;"Foniatria y Audiologia";"S"
105;"Geriatria";"S"
105;"Inmunologia";"S"
105;"Medicina de Urgencias";"S"
105;"Medicina Deportiva";"S"
105;"Medicina Fisica y Rehabilitacion";"S"
105;"Medicina Interna";"S"
105;"Nefrologia";"S"
105;"Neurologia";"S"
105;"Oftalmologia";"S"
105;"Patologia";"S"
105;"Patologia Forense";"S"
105;"Pediatria";"S"
105;"Psicologia Clinica";"S"
105;"Radiologia";"S"
105;"Reumatologia";"S"
105;"Salud Publica y Epidemiologia";"S"
105;"Toxicologia";"S"
106;"Anestesiologia y Reanimacion";"S"
106;"Cardiologia";"N"
106;"Cirugia Cardiotoracica";"S"
106;"Cirugia Vascular";"S"
106;"Endocrinologia";"S"
106;"Farmacologia Clinica";"S"
106;"Inmunologia";"S"
106;"Neumologia";"S"
106;"Neurologia";"S"
106;"Obstetricia";"S"
106;"Oncologia";"S"
106;"Patologia";"S"
106;"Patologia Forense";"S"
106;"Psiquiatria";"S"
106;"Radiologia";"N"
107;"Anestesiologia y Reanimacion";"S"
107;"Cardiologia";"S"
107;"Cirugia Cardiotoracica";"S"
107;"Cirugia General";"S"
107;"Cirugia Plastica y Reconstructiva";"S"
107;"Cirugia Vascular";"S"
107;"Farmacologia Clinica";"S"
107;"Foniatria y Audiologia";"S"
107;"Genetica Clinica";"S"
107;"Laboratorio Clinico";"S"
107;"Medicina del Trabajo";"S"
107;"Nefrologia";"S"
107;"Neumologia";"S"
107;"Patologia";"S"
107;"Patologia Forense";"N"
107;"Pediatria";"S"
107;"Psicologia Clinica";"S"
107;"Radiologia";"S"
107;"Toxicologia";"S"
107;"Urologia";"S"
108;"Cirugia Cardiotoracica";"S"
108;"Cirugia Vascular";"S"
108;"Farmacologia Clinica";"S"
108;"Gastroenterologia";"S"
108;"Hematologia";"S"
108;"Inmunologia";"S"
108;"Laboratorio Clinico";"S"
108;"Medicina de Urgencias";"S"
108;"Medicina Fisica y Rehabilitacion";"S"
108;"Medicina Interna";"S"
108;"Nefrologia";"S"
108;"Neumologia";"S"
108;"Neurologia";"S"
108;"Nutriologia Clinica";"S"
108;"Otorrinolaringologia";"S"
108;"Reumatologia";"S"
108;"Salud Publica y Epidemiologia";"S"
108;"Traumatologia y Ortopedia";"S"
109;"Cardiologia";"S"
109;"Cirugia Plastica y Reconstructiva";"S"
109;"Dermatologia";"N"
109;"Endocrinologia";"S"
109;"Foniatria y Audiologia";"S"
109;"Gastroenterologia";"S"
109;"Genetica Clinica";"S"
109;"Hematologia";"S"
109;"Inmunologia";"S"
109;"Laboratorio Clinico";"S"
109;"Medicina de Urgencias";"S"
109;"Medicina Deportiva";"S"
109;"Medicina Hiperbarica";"S"
109;"Nefrologia";"N"
109;"Neumologia";"S"
109;"Neurologia";"S"
109;"Patologia";"S"
109;"Pediatria";"S"
109;"Unidad de Dolor";"S"
110;"Cardiologia";"S"
110;"Cirugia Cardiotoracica";"S"
110;"Cirugia General";"S"
110;"Endocrinologia";"S"
110;"Gastroenterologia";"S"
110;"Genetica Clinica";"N"
110;"Medicina Fisica y Rehabilitacion";"N"
110;"Medicina Hiperbarica";"S"
110;"Medicina Nuclear";"S"
110;"Neonatologia";"S"
110;"Oftalmologia";"S"
110;"Oncologia";"S"
110;"Patologia Forense";"S"
110;"Psiquiatria";"S"
110;"Salud Publica y Epidemiologia";"S"
110;"Urologia";"N"
111;"Cardiologia";"S"
111;"Cirugia General";"S"
111;"Dermatologia";"S"
111;"Foniatria y Audiologia";"S"
111;"Gastroenterologia";"S"
111;"Ginecologia";"S"
111;"Hematologia";"S"
111;"Inmunologia";"S"
111;"Medicina de Urgencias";"S"
111;"Medicina Deportiva";"S"
111;"Medicina Nuclear";"S"
111;"Neumologia";"S"
111;"Obstetricia";"S"
111;"Otorrinolaringologia";"S"
111;"Patologia Forense";"S"
111;"Pediatria";"S"
111;"Psiquiatria";"S"
111;"Radiologia";"S"
111;"Reumatologia";"S"
111;"Salud Publica y Epidemiologia";"S"
111;"Traumatologia y Ortopedia";"N"
112;"Cardiologia";"S"
112;"Cirugia Vascular";"S"
112;"Endocrinologia";"S"
112;"Foniatria y Audiologia";"S"
112;"Gastroenterologia";"S"
112;"Geriatria";"S"
112;"Ginecologia";"S"
112;"Laboratorio Clinico";"S"
112;"Medicina Deportiva";"S"
112;"Medicina Interna";"S"
112;"Nefrologia";"S"
112;"Neumologia";"S"
112;"Psiquiatria";"N"
112;"Reumatologia";"S"
112;"Salud Publica y Epidemiologia";"S"
113;"Anestesiologia y Reanimacion";"S"
113;"Cirugia Cardiotoracica";"S"
113;"Farmacologia Clinica";"S"
113;"Foniatria y Audiologia";"S"
113;"Gastroenterologia";"S"
113;"Genetica Clinica";"S"
113;"Laboratorio Clinico";"S"
113;"Medicina Deportiva";"S"
113;"Nefrologia";"S"
113;"Neumologia";"S"
113;"Neurologia";"S"
113;"Nutriologia Clinica";"N"
113;"Oncologia";"N"
113;"Psicologia Clinica";"S"
113;"Radiologia";"S"
113;"Urologia";"S"
114;"Cardiologia";"S"
114;"Cirugia General";"S"
114;"Cirugia Plastica y Reconstructiva";"S"
114;"Cirugia Vascular";"S"
114;"Gastroenterologia";"S"
114;"Laboratorio Clinico";"S"
114;"Medicina de Urgencias";"S"
114;"Medicina Hiperbarica";"S"
114;"Neonatologia";"S"
114;"Neumologia";"S"
114;"Neurologia";"S"
114;"Obstetricia";"S"
114;"Oncologia";"S"
114;"Otorrinolaringologia";"S"
114;"Pediatria";"N"
114;"Radiologia";"S"
114;"Reumatologia";"S"
115;"Cardiologia";"S"
115;"Cirugia Cardiotoracica";"S"
115;"Cirugia Vascular";"S"
115;"Dermatologia";"S"
115;"Endocrinologia";"S"
115;"Farmacologia Clinica";"S"
115;"Foniatria y Audiologia";"S"
115;"Ginecologia";"N"
115;"Medicina Fisica y Rehabilitacion";"N"
115;"Medicina Hiperbarica";"S"
115;"Medicina Interna";"S"
115;"Medicina Nuclear";"S"
115;"Neonatologia";"S"
115;"Neurologia";"S"
115;"Obstetricia";"S"
115;"Oftalmologia";"S"
115;"Oncologia";"S"
115;"Patologia";"S"
115;"Psicologia Clinica";"S"
115;"Radiologia";"S"
115;"Reumatologia";"S"
115;"Salud Publica y Epidemiologia";"S"
115;"Toxicologia";"S"
115;"Traumatologia y Ortopedia";"S"
115;"Unidad de Dolor";"S"
115;"Urologia";"S"
116;"Cirugia General";"S"
116;"Foniatria y Audiologia";"S"
116;"Ginecologia";"S"
116;"Inmunologia";"N"
116;"Medicina de Urgencias";"S"
116;"Medicina Deportiva";"S"
116;"Medicina Interna";"S"
116;"Medicina Nuclear";"S"
116;"Neonatologia";"S"
116;"Neurologia";"S"
116;"Nutriologia Clinica";"S"
116;"Obstetricia";"S"
116;"Oftalmologia";"S"
116;"Otorrinolaringologia";"S"
116;"Patologia";"S"
116;"Patologia Forense";"S"
116;"Psiquiatria";"S"
116;"Radiologia";"S"
116;"Salud Publica y Epidemiologia";"S"
116;"Urologia";"S"
117;"Cardiologia";"S"
117;"Cirugia General";"S"
117;"Cirugia Plastica y Reconstructiva";"S"
117;"Endocrinologia";"S"
117;"Farmacologia Clinica";"S"
117;"Geriatria";"S"
117;"Hematologia";"S"
117;"Laboratorio Clinico";"S"
117;"Medicina de Urgencias";"S"
117;"Medicina del Trabajo";"S"
117;"Medicina Nuclear";"S"
117;"Nefrologia";"S"
117;"Neonatologia";"S"
117;"Neumologia";"S"
117;"Nutriologia Clinica";"S"
117;"Otorrinolaringologia";"S"
117;"Pediatria";"S"
117;"Radiologia";"N"
117;"Reumatologia";"S"
117;"Salud Publica y Epidemiologia";"S"
117;"Toxicologia";"S"
117;"Urologia";"S"
118;"Endocrinologia";"S"
118;"Farmacologia Clinica";"S"
118;"Foniatria y Audiologia";"S"
118;"Gastroenterologia";"S"
118;"Ginecologia";"S"
118;"Hematologia";"S"
118;"Laboratorio Clinico";"S"
118;"Medicina de Urgencias";"S"
118;"Medicina Deportiva";"N"
118;"Medicina Fisica y Rehabilitacion";"S"
118;"Medicina Interna";"S"
118;"Nefrologia";"S"
118;"Neonatologia";"S"
118;"Neumologia";"S"
118;"Neurologia";"S"
118;"Nutriologia Clinica";"S"
118;"Otorrinolaringologia";"S"
118;"Reumatologia";"S"
118;"Toxicologia";"S"
118;"Urologia";"S"
119;"Cardiologia";"S"
119;"Cirugia Vascular";"S"
119;"Dermatologia";"S"
119;"Endocrinologia";"N"
119;"Gastroenterologia";"N"
119;"Hematologia";"S"
119;"Laboratorio Clinico";"S"
119;"Medicina de Urgencias";"S"
119;"Medicina del Trabajo";"S"
119;"Medicina Deportiva";"S"
119;"Medicina Nuclear";"S"
119;"Nefrologia";"S"
119;"Neonatologia";"S"
119;"Neumologia";"S"
119;"Nutriologia Clinica";"S"
119;"Obstetricia";"S"
119;"Oncologia";"S"
119;"Otorrinolaringologia";"S"
119;"Patologia";"S"
119;"Radiologia";"N"
119;"Reumatologia";"N"
119;"Urologia";"S"
120;"Cardiologia";"S"
120;"Cirugia Plastica y Reconstructiva";"S"
120;"Farmacologia Clinica";"S"
120;"Foniatria y Audiologia";"S"
120;"Gastroenterologia";"S"
120;"Genetica Clinica";"S"
120;"Geriatria";"S"
120;"Medicina de Urgencias";"S"
120;"Medicina Deportiva";"S"
120;"Medicina Hiperbarica";"S"
120;"Medicina Nuclear";"S"
120;"Nefrologia";"S"
120;"Neumologia";"S"
120;"Neurologia";"S"
120;"Obstetricia";"S"
120;"Oftalmologia";"S"
120;"Oncologia";"S"
120;"Otorrinolaringologia";"S"
120;"Patologia";"S"
120;"Patologia Forense";"S"
120;"Pediatria";"S"
120;"Traumatologia y Ortopedia";"N"
121;"Dermatologia";"S"
121;"Gastroenterologia";"S"
121;"Genetica Clinica";"S"
121;"Laboratorio Clinico";"S"
121;"Medicina de Urgencias";"S"
121;"Medicina Deportiva";"S"
121;"Medicina Interna";"S"
121;"Neonatologia";"S"
121;"Neurologia";"S"
121;"Nutriologia Clinica";"S"
121;"Obstetricia";"S"
121;"Oncologia";"S"
121;"Radiologia";"N"
121;"Reumatologia";"S"
121;"Toxicologia";"S"
121;"Traumatologia y Ortopedia";"S"
121;"Urologia";"S"
122;"Anestesiologia y Reanimacion";"S"
122;"Cardiologia";"S"
122;"Cirugia Plastica y Reconstructiva";"S"
122;"Foniatria y Audiologia";"S"
122;"Gastroenterologia";"S"
122;"Ginecologia";"S"
122;"Inmunologia";"N"
122;"Medicina Hiperbarica";"N"
122;"Medicina Interna";"N"
122;"Nefrologia";"N"
122;"Neonatologia";"S"
122;"Neumologia";"S"
122;"Oftalmologia";"S"
122;"Patologia Forense";"S"
122;"Psicologia Clinica";"S"
122;"Psiquiatria";"S"
122;"Radiologia";"S"
122;"Salud Publica y Epidemiologia";"S"
123;"Cirugia Cardiotoracica";"S"
123;"Cirugia Plastica y Reconstructiva";"S"
123;"Cirugia Vascular";"S"
123;"Dermatologia";"S"
123;"Farmacologia Clinica";"S"
123;"Foniatria y Audiologia";"S"
123;"Gastroenterologia";"S"
123;"Genetica Clinica";"S"
123;"Geriatria";"S"
123;"Medicina Deportiva";"S"
123;"Neumologia";"S"
123;"Neurologia";"S"
123;"Oncologia";"S"
123;"Psicologia Clinica";"S"
123;"Reumatologia";"S"
123;"Toxicologia";"S"
123;"Urologia";"S"
124;"Cardiologia";"S"
124;"Cirugia Vascular";"S"
124;"Gastroenterologia";"S"
124;"Genetica Clinica";"S"
124;"Inmunologia";"S"
124;"Laboratorio Clinico";"S"
124;"Medicina Deportiva";"N"
124;"Medicina Hiperbarica";"S"
124;"Medicina Interna";"S"
124;"Nefrologia";"S"
124;"Nutriologia Clinica";"S"
124;"Patologia Forense";"S"
124;"Psicologia Clinica";"S"
124;"Psiquiatria";"S"
124;"Radiologia";"S"
124;"Salud Publica y Epidemiologia";"S"
124;"Toxicologia";"S"
124;"Unidad de Dolor";"S"
125;"Cirugia General";"S"
125;"Cirugia Plastica y Reconstructiva";"N"
125;"Endocrinologia";"N"
125;"Gastroenterologia";"N"
125;"Inmunologia";"S"
125;"Medicina de Urgencias";"S"
125;"Medicina Interna";"S"
125;"Neumologia";"S"
125;"Obstetricia";"S"
125;"Patologia";"S"
125;"Pediatria";"S"
125;"Psicologia Clinica";"S"
125;"Radiologia";"S"
125;"Salud Publica y Epidemiologia";"S"
126;"Cirugia Vascular";"S"
126;"Dermatologia";"S"
126;"Farmacologia Clinica";"S"
126;"Gastroenterologia";"S"
126;"Ginecologia";"N"
126;"Medicina del Trabajo";"S"
126;"Medicina Deportiva";"S"
126;"Medicina Hiperbarica";"S"
126;"Medicina Interna";"S"
126;"Medicina Nuclear";"S"
126;"Nefrologia";"S"
126;"Obstetricia";"S"
126;"Otorrinolaringologia";"S"
126;"Pediatria";"S"
126;"Psicologia Clinica";"S"
126;"Salud Publica y Epidemiologia";"S"
126;"Toxicologia";"S"
126;"Urologia";"S"
127;"Dermatologia";"S"
127;"Endocrinologia";"S"
127;"Gastroenterologia";"S"
127;"Genetica Clinica";"S"
127;"Ginecologia";"S"
127;"Hematologia";"S"
127;"Inmunologia";"S"
127;"Laboratorio Clinico";"S"
127;"Medicina Deportiva";"S"
127;"Medicina Fisica y Rehabilitacion";"S"
127;"Medicina Hiperbarica";"S"
127;"Medicina Interna";"S"
127;"Nefrologia";"S"
127;"Neonatologia";"S"
127;"Neurologia";"S"
127;"Oftalmologia";"S"
127;"Salud Publica y Epidemiologia";"S"
127;"Traumatologia y Ortopedia";"N"
127;"Urologia";"S"
128;"Dermatologia";"S"
128;"Gastroenterologia";"S"
128;"Medicina Nuclear";"S"
128;"Nefrologia";"S"
128;"Neonatologia";"S"
128;"Neumologia";"S"
128;"Neurologia";"S"
128;"Oftalmologia";"S"
128;"Otorrinolaringologia";"S"
128;"Patologia Forense";"S"
128;"Psiquiatria";"S"
128;"Urologia";"S"
129;"Anestesiologia y Reanimacion";"S"
129;"Cirugia General";"S"
129;"Cirugia Plastica y Reconstructiva";"S"
129;"Dermatologia";"S"
129;"Ginecologia";"S"
129;"Medicina de Urgencias";"S"
129;"Medicina del Trabajo";"S"
129;"Medicina Deportiva";"S"
129;"Nefrologia";"S"
129;"Neumologia";"S"
129;"Neurologia";"S"
129;"Obstetricia";"S"
129;"Oftalmologia";"S"
129;"Oncologia";"N"
129;"Patologia Forense";"S"
129;"Psicologia Clinica";"S"
129;"Radiologia";"S"
129;"Unidad de Dolor";"S"
130;"Anestesiologia y Reanimacion";"S"
130;"Cirugia Cardiotoracica";"S"
130;"Cirugia General";"S"
130;"Gastroenterologia";"S"
130;"Geriatria";"S"
130;"Medicina de Urgencias";"S"
130;"Medicina del Trabajo";"S"
130;"Medicina Hiperbarica";"S"
130;"Neurologia";"S"
130;"Obstetricia";"S"
130;"Otorrinolaringologia";"S"
130;"Patologia";"S"
130;"Pediatria";"S"
130;"Psicologia Clinica";"S"
130;"Psiquiatria";"S"
130;"Reumatologia";"S"
130;"Toxicologia";"S"
131;"Anestesiologia y Reanimacion";"S"
131;"Cardiologia";"S"
131;"Cirugia Cardiotoracica";"S"
131;"Cirugia Vascular";"N"
131;"Endocrinologia";"S"
131;"Foniatria y Audiologia";"S"
131;"Geriatria";"S"
131;"Laboratorio Clinico";"S"
131;"Medicina Deportiva";"S"
131;"Medicina Hiperbarica";"S"
131;"Nefrologia";"S"
131;"Neumologia";"S"
131;"Neurologia";"S"
131;"Oncologia";"S"
131;"Otorrinolaringologia";"S"
131;"Pediatria";"S"
131;"Psicologia Clinica";"S"
131;"Reumatologia";"S"
131;"Salud Publica y Epidemiologia";"N"
131;"Toxicologia";"S"
131;"Urologia";"S"
132;"Anestesiologia y Reanimacion";"S"
132;"Cardiologia";"S"
132;"Cirugia Cardiotoracica";"S"
132;"Cirugia General";"S"
132;"Cirugia Plastica y Reconstructiva";"S"
132;"Cirugia Vascular";"S"
132;"Endocrinologia";"S"
132;"Farmacologia Clinica";"S"
132;"Geriatria";"N"
132;"Medicina Deportiva";"S"
132;"Medicina Fisica y Rehabilitacion";"S"
132;"Medicina Nuclear";"S"
132;"Nefrologia";"S"
132;"Neonatologia";"S"
132;"Neurologia";"S"
132;"Oncologia";"S"
132;"Otorrinolaringologia";"S"
132;"Patologia Forense";"S"
132;"Pediatria";"S"
132;"Radiologia";"S"
132;"Reumatologia";"S"
132;"Toxicologia";"S"
132;"Traumatologia y Ortopedia";"S"
133;"Cardiologia";"S"
133;"Cirugia Cardiotoracica";"S"
133;"Cirugia General";"S"
133;"Cirugia Vascular";"S"
133;"Dermatologia";"S"
133;"Genetica Clinica";"S"
133;"Hematologia";"S"
133;"Medicina del Trabajo";"N"
133;"Medicina Deportiva";"S"
133;"Medicina Fisica y Rehabilitacion";"S"
133;"Nefrologia";"S"
133;"Neonatologia";"S"
133;"Neurologia";"S"
133;"Nutriologia Clinica";"S"
133;"Oftalmologia";"S"
133;"Patologia";"S"
133;"Patologia Forense";"S"
133;"Psicologia Clinica";"S"
133;"Radiologia";"S"
133;"Salud Publica y Epidemiologia";"S"
133;"Traumatologia y Ortopedia";"S"
134;"Cirugia Plastica y Reconstructiva";"S"
134;"Cirugia Vascular";"S"
134;"Hematologia";"N"
134;"Laboratorio Clinico";"N"
134;"Medicina Interna";"S"
134;"Nefrologia";"S"
134;"Neumologia";"S"
134;"Nutriologia Clinica";"S"
134;"Oftalmologia";"S"
134;"Patologia";"S"
134;"Patologia Forense";"S"
134;"Psicologia Clinica";"S"
134;"Psiquiatria";"S"
134;"Reumatologia";"S"
134;"Toxicologia";"S"
134;"Unidad de Dolor";"S"
135;"Cirugia Cardiotoracica";"S"
135;"Endocrinologia";"S"
135;"Farmacologia Clinica";"S"
135;"Laboratorio Clinico";"S"
135;"Medicina Deportiva";"S"
135;"Medicina Fisica y Rehabilitacion";"S"
135;"Medicina Nuclear";"S"
135;"Nefrologia";"S"
135;"Neonatologia";"S"
135;"Neumologia";"S"
135;"Neurologia";"S"
135;"Oftalmologia";"S"
135;"Psicologia Clinica";"N"
135;"Psiquiatria";"N"
135;"Salud Publica y Epidemiologia";"S"
135;"Toxicologia";"S"
136;"Cirugia Cardiotoracica";"S"
136;"Cirugia General";"S"
136;"Dermatologia";"S"
136;"Ginecologia";"S"
136;"Inmunologia";"S"
136;"Laboratorio Clinico";"S"
136;"Medicina de Urgencias";"S"
136;"Medicina del Trabajo";"S"
136;"Medicina Fisica y Rehabilitacion";"S"
136;"Medicina Hiperbarica";"S"
136;"Nefrologia";"S"
136;"Neonatologia";"S"
136;"Neumologia";"S"
136;"Neurologia";"S"
136;"Pediatria";"S"
136;"Psicologia Clinica";"S"
136;"Psiquiatria";"S"
136;"Salud Publica y Epidemiologia";"S"
136;"Traumatologia y Ortopedia";"S"
136;"Urologia";"S"
137;"Cardiologia";"S"
137;"Cirugia Cardiotoracica";"N"
137;"Cirugia Plastica y Reconstructiva";"N"
137;"Cirugia Vascular";"S"
137;"Dermatologia";"S"
137;"Genetica Clinica";"S"
137;"Geriatria";"S"
137;"Hematologia";"S"
137;"Laboratorio Clinico";"S"
137;"Medicina de Urgencias";"S"
137;"Medicina Interna";"S"
137;"Nefrologia";"S"
137;"Neonatologia";"S"
137;"Neurologia";"S"
137;"Otorrinolaringologia";"S"
137;"Patologia";"S"
137;"Patologia Forense";"S"
137;"Traumatologia y Ortopedia";"S"
138;"Anestesiologia y Reanimacion";"S"
138;"Cardiologia";"S"
138;"Cirugia Plastica y Reconstructiva";"S"
138;"Dermatologia";"S"
138;"Foniatria y Audiologia";"S"
138;"Genetica Clinica";"S"
138;"Geriatria";"S"
138;"Hematologia";"S"
138;"Laboratorio Clinico";"S"
138;"Medicina de Urgencias";"S"
138;"Medicina del Trabajo";"S"
138;"Medicina Fisica y Rehabilitacion";"S"
138;"Medicina Interna";"S"
138;"Medicina Nuclear";"S"
138;"Obstetricia";"S"
138;"Oftalmologia";"S"
138;"Oncologia";"N"
138;"Patologia Forense";"S"
138;"Pediatria";"S"
139;"Cardiologia";"S"
139;"Dermatologia";"S"
139;"Endocrinologia";"S"
139;"Gastroenterologia";"S"
139;"Genetica Clinica";"S"
139;"Laboratorio Clinico";"S"
139;"Medicina del Trabajo";"S"
139;"Medicina Deportiva";"S"
139;"Medicina Fisica y Rehabilitacion";"S"
139;"Medicina Hiperbarica";"S"
139;"Medicina Interna";"S"
139;"Medicina Nuclear";"S"
139;"Nefrologia";"S"
139;"Otorrinolaringologia";"S"
139;"Radiologia";"S"
139;"Salud Publica y Epidemiologia";"S"
139;"Toxicologia";"S"
139;"Unidad de Dolor";"S"
139;"Urologia";"S"
140;"Cardiologia";"S"
140;"Cirugia Cardiotoracica";"S"
140;"Cirugia Plastica y Reconstructiva";"S"
140;"Farmacologia Clinica";"S"
140;"Foniatria y Audiologia";"S"
140;"Gastroenterologia";"S"
140;"Medicina Hiperbarica";"S"
140;"Neonatologia";"S"
140;"Neumologia";"S"
140;"Neurologia";"S"
140;"Nutriologia Clinica";"S"
140;"Obstetricia";"S"
140;"Oftalmologia";"S"
140;"Oncologia";"S"
140;"Psiquiatria";"S"
140;"Radiologia";"S"
140;"Traumatologia y Ortopedia";"S"
140;"Urologia";"S"
141;"Cirugia Vascular";"N"
141;"Endocrinologia";"S"
141;"Genetica Clinica";"S"
141;"Geriatria";"S"
141;"Ginecologia";"S"
141;"Medicina de Urgencias";"S"
141;"Medicina Deportiva";"S"
141;"Medicina Fisica y Rehabilitacion";"S"
141;"Medicina Interna";"S"
141;"Nefrologia";"S"
141;"Neonatologia";"S"
141;"Neumologia";"S"
141;"Neurologia";"S"
141;"Nutriologia Clinica";"N"
141;"Obstetricia";"N"
141;"Oftalmologia";"S"
141;"Oncologia";"S"
141;"Patologia Forense";"S"
141;"Salud Publica y Epidemiologia";"S"
141;"Urologia";"S"
142;"Anestesiologia y Reanimacion";"S"
142;"Cardiologia";"S"
142;"Cirugia Vascular";"S"
142;"Dermatologia";"S"
142;"Gastroenterologia";"S"
142;"Laboratorio Clinico";"S"
142;"Medicina de Urgencias";"S"
142;"Medicina Fisica y Rehabilitacion";"S"
142;"Medicina Hiperbarica";"S"
142;"Nefrologia";"S"
142;"Oftalmologia";"S"
142;"Psiquiatria";"N"
143;"Anestesiologia y Reanimacion";"N"
143;"Cardiologia";"N"
143;"Cirugia Cardiotoracica";"S"
143;"Cirugia General";"S"
143;"Cirugia Plastica y Reconstructiva";"S"
143;"Cirugia Vascular";"S"
143;"Dermatologia";"S"
143;"Foniatria y Audiologia";"S"
143;"Gastroenterologia";"S"
143;"Hematologia";"S"
143;"Medicina de Urgencias";"S"
143;"Medicina Deportiva";"S"
143;"Medicina Interna";"S"
143;"Neurologia";"S"
143;"Otorrinolaringologia";"S"
143;"Patologia";"S"
143;"Pediatria";"S"
143;"Radiologia";"S"
143;"Reumatologia";"S"
143;"Toxicologia";"S"
143;"Urologia";"S"
144;"Cardiologia";"S"
144;"Cirugia Plastica y Reconstructiva";"N"
144;"Farmacologia Clinica";"N"
144;"Geriatria";"N"
144;"Laboratorio Clinico";"N"
144;"Medicina del Trabajo";"S"
144;"Medicina Deportiva";"S"
144;"Medicina Hiperbarica";"S"
144;"Nefrologia";"S"
144;"Neumologia";"S"
144;"Neurologia";"S"
144;"Obstetricia";"S"
144;"Patologia Forense";"S"
144;"Radiologia";"S"
144;"Traumatologia y Ortopedia";"S"
144;"Unidad de Dolor";"S"
145;"Anestesiologia y Reanimacion";"S"
145;"Cardiologia";"S"
145;"Endocrinologia";"S"
145;"Gastroenterologia";"S"
145;"Genetica Clinica";"S"
145;"Inmunologia";"S"
145;"Medicina del Trabajo";"S"
145;"Neurologia";"S"
145;"Obstetricia";"S"
145;"Patologia";"S"
145;"Patologia Forense";"S"
145;"Pediatria";"S"
145;"Psicologia Clinica";"S"
145;"Radiologia";"N"
145;"Reumatologia";"S"
145;"Salud Publica y Epidemiologia";"S"
145;"Traumatologia y Ortopedia";"S"
145;"Unidad de Dolor";"S"
146;"Cardiologia";"S"
146;"Cirugia Cardiotoracica";"S"
146;"Cirugia General";"S"
146;"Dermatologia";"S"
146;"Farmacologia Clinica";"N"
146;"Foniatria y Audiologia";"N"
146;"Geriatria";"S"
146;"Ginecologia";"S"
146;"Medicina Fisica y Rehabilitacion";"S"
146;"Medicina Hiperbarica";"S"
146;"Medicina Interna";"S"
146;"Nefrologia";"S"
146;"Patologia";"S"
146;"Patologia Forense";"S"
146;"Psiquiatria";"S"
146;"Radiologia";"S"
146;"Toxicologia";"S"
147;"Anestesiologia y Reanimacion";"S"
147;"Cirugia Cardiotoracica";"S"
147;"Cirugia Plastica y Reconstructiva";"S"
147;"Gastroenterologia";"S"
147;"Medicina del Trabajo";"S"
147;"Medicina Deportiva";"S"
147;"Medicina Fisica y Rehabilitacion";"S"
147;"Medicina Nuclear";"S"
147;"Nefrologia";"S"
147;"Neonatologia";"N"
147;"Neumologia";"N"
147;"Obstetricia";"S"
147;"Oncologia";"S"
147;"Psiquiatria";"S"
147;"Radiologia";"S"
147;"Salud Publica y Epidemiologia";"S"
147;"Urologia";"S"
148;"Anestesiologia y Reanimacion";"S"
148;"Cardiologia";"S"
148;"Cirugia Cardiotoracica";"S"
148;"Cirugia General";"S"
148;"Cirugia Plastica y Reconstructiva";"S"
148;"Endocrinologia";"S"
148;"Gastroenterologia";"S"
148;"Inmunologia";"S"
148;"Medicina de Urgencias";"S"
148;"Medicina Deportiva";"S"
148;"Medicina Hiperbarica";"S"
148;"Neonatologia";"S"
148;"Neumologia";"S"
148;"Oftalmologia";"S"
148;"Patologia";"S"
148;"Psiquiatria";"N"
148;"Radiologia";"N"
148;"Toxicologia";"S"
148;"Traumatologia y Ortopedia";"S"
149;"Cardiologia";"S"
149;"Cirugia General";"S"
149;"Dermatologia";"S"
149;"Geriatria";"S"
149;"Hematologia";"S"
149;"Laboratorio Clinico";"S"
149;"Medicina del Trabajo";"S"
149;"Medicina Fisica y Rehabilitacion";"S"
149;"Medicina Hiperbarica";"S"
149;"Medicina Interna";"S"
149;"Medicina Nuclear";"S"
149;"Neumologia";"S"
149;"Neurologia";"S"
149;"Oftalmologia";"S"
149;"Otorrinolaringologia";"S"
149;"Patologia Forense";"S"
149;"Pediatria";"S"
149;"Radiologia";"S"
149;"Reumatologia";"S"
149;"Salud Publica y Epidemiologia";"S"
149;"Traumatologia y Ortopedia";"S"
150;"Cardiologia";"S"
150;"Cirugia General";"N"
150;"Farmacologia Clinica";"S"
150;"Gastroenterologia";"S"
150;"Geriatria";"S"
150;"Medicina de Urgencias";"S"
150;"Medicina Fisica y Rehabilitacion";"S"
150;"Medicina Interna";"S"
150;"Medicina Nuclear";"S"
150;"Nefrologia";"S"
150;"Neonatologia";"S"
150;"Neumologia";"S"
150;"Obstetricia";"S"
150;"Patologia Forense";"S"
150;"Psiquiatria";"S"
150;"Radiologia";"S"
150;"Traumatologia y Ortopedia";"S"
150;"Unidad de Dolor";"S"
151;"Anestesiologia y Reanimacion";"S"
151;"Cirugia Cardiotoracica";"N"
151;"Cirugia General";"N"
151;"Dermatologia";"S"
151;"Foniatria y Audiologia";"S"
151;"Gastroenterologia";"S"
151;"Geriatria";"S"
151;"Inmunologia";"S"
151;"Medicina de Urgencias";"S"
151;"Medicina Deportiva";"S"
151;"Medicina Hiperbarica";"S"
151;"Nefrologia";"S"
151;"Neonatologia";"S"
151;"Neumologia";"S"
151;"Nutriologia Clinica";"S"
151;"Pediatria";"S"
151;"Psiquiatria";"S"
151;"Reumatologia";"S"
151;"Salud Publica y Epidemiologia";"S"
151;"Toxicologia";"S"
151;"Urologia";"S"
152;"Cardiologia";"S"
152;"Cirugia Plastica y Reconstructiva";"S"
152;"Cirugia Vascular";"N"
152;"Foniatria y Audiologia";"N"
152;"Gastroenterologia";"S"
152;"Hematologia";"S"
152;"Medicina Deportiva";"S"
152;"Neonatologia";"S"
152;"Neumologia";"S"
152;"Neurologia";"S"
152;"Nutriologia Clinica";"S"
152;"Obstetricia";"S"
152;"Otorrinolaringologia";"S"
152;"Patologia Forense";"S"
152;"Psiquiatria";"S"
152;"Salud Publica y Epidemiologia";"S"
152;"Urologia";"S"
153;"Foniatria y Audiologia";"S"
153;"Gastroenterologia";"S"
153;"Genetica Clinica";"S"
153;"Geriatria";"S"
153;"Hematologia";"N"
153;"Inmunologia";"S"
153;"Medicina Deportiva";"S"
153;"Medicina Nuclear";"S"
153;"Neumologia";"S"
153;"Neurologia";"S"
153;"Nutriologia Clinica";"S"
153;"Obstetricia";"S"
153;"Oftalmologia";"S"
153;"Oncologia";"S"
153;"Patologia";"S"
153;"Patologia Forense";"S"
153;"Psicologia Clinica";"S"
153;"Traumatologia y Ortopedia";"S"
153;"Urologia";"S"
154;"Cardiologia";"S"
154;"Cirugia Cardiotoracica";"S"
154;"Cirugia General";"N"
154;"Endocrinologia";"S"
154;"Gastroenterologia";"S"
154;"Ginecologia";"S"
154;"Hematologia";"S"
154;"Medicina Fisica y Rehabilitacion";"S"
154;"Medicina Interna";"S"
154;"Nefrologia";"S"
154;"Neumologia";"S"
154;"Neurologia";"S"
154;"Nutriologia Clinica";"N"
154;"Oftalmologia";"N"
154;"Oncologia";"N"
154;"Otorrinolaringologia";"S"
154;"Patologia Forense";"S"
154;"Psicologia Clinica";"S"
154;"Radiologia";"S"
154;"Traumatologia y Ortopedia";"S"
154;"Urologia";"S"
155;"Cardiologia";"S"
155;"Cirugia Plastica y Reconstructiva";"S"
155;"Dermatologia";"S"
155;"Farmacologia Clinica";"S"
155;"Gastroenterologia";"S"
155;"Geriatria";"S"
155;"Ginecologia";"S"
155;"Medicina Deportiva";"S"
155;"Medicina Fisica y Rehabilitacion";"S"
155;"Medicina Hiperbarica";"N"
155;"Neonatologia";"S"
155;"Neurologia";"S"
155;"Nutriologia Clinica";"S"
155;"Oftalmologia";"S"
155;"Patologia";"S"
155;"Radiologia";"S"
155;"Salud Publica y Epidemiologia";"S"
155;"Traumatologia y Ortopedia";"S"
155;"Unidad de Dolor";"S"
156;"Anestesiologia y Reanimacion";"S"
156;"Cirugia Cardiotoracica";"S"
156;"Cirugia General";"S"
156;"Cirugia Plastica y Reconstructiva";"S"
156;"Cirugia Vascular";"S"
156;"Dermatologia";"S"
156;"Endocrinologia";"S"
156;"Gastroenterologia";"S"
156;"Geriatria";"N"
156;"Ginecologia";"S"
156;"Hematologia";"S"
156;"Medicina de Urgencias";"S"
156;"Medicina del Trabajo";"S"
156;"Medicina Deportiva";"S"
156;"Medicina Nuclear";"S"
156;"Neurologia";"S"
156;"Nutriologia Clinica";"S"
156;"Oftalmologia";"S"
156;"Patologia";"S"
156;"Patologia Forense";"S"
156;"Pediatria";"S"
156;"Psiquiatria";"S"
156;"Reumatologia";"S"
156;"Salud Publica y Epidemiologia";"S"
156;"Toxicologia";"N"
156;"Traumatologia y Ortopedia";"S"
156;"Urologia";"S"
157;"Cirugia Vascular";"S"
157;"Endocrinologia";"S"
157;"Foniatria y Audiologia";"S"
157;"Gastroenterologia";"S"
157;"Genetica Clinica";"S"
157;"Geriatria";"S"
157;"Ginecologia";"S"
157;"Neurologia";"S"
157;"Oftalmologia";"S"
157;"Oncologia";"S"
157;"Patologia";"S"
157;"Psiquiatria";"S"
157;"Urologia";"S"
158;"Cardiologia";"N"
158;"Cirugia Cardiotoracica";"S"
158;"Cirugia General";"S"
158;"Cirugia Vascular";"S"
158;"Dermatologia";"S"
158;"Endocrinologia";"S"
158;"Foniatria y Audiologia";"S"
158;"Gastroenterologia";"S"
158;"Genetica Clinica";"S"
158;"Hematologia";"S"
158;"Laboratorio Clinico";"S"
158;"Medicina Nuclear";"S"
158;"Neonatologia";"S"
158;"Nutriologia Clinica";"S"
158;"Obstetricia";"S"
158;"Salud Publica y Epidemiologia";"S"
159;"Cardiologia";"S"
159;"Cirugia General";"S"
159;"Cirugia Plastica y Reconstructiva";"S"
159;"Dermatologia";"S"
159;"Foniatria y Audiologia";"S"
159;"Gastroenterologia";"S"
159;"Genetica Clinica";"S"
159;"Geriatria";"S"
159;"Hematologia";"S"
159;"Inmunologia";"S"
159;"Medicina Deportiva";"S"
159;"Medicina Nuclear";"S"
159;"Nefrologia";"N"
159;"Neumologia";"N"
159;"Oftalmologia";"N"
159;"Oncologia";"S"
159;"Psiquiatria";"S"
159;"Radiologia";"S"
159;"Reumatologia";"S"
159;"Traumatologia y Ortopedia";"S"
159;"Unidad de Dolor";"S"
160;"Cardiologia";"S"
160;"Cirugia Cardiotoracica";"S"
160;"Cirugia General";"S"
160;"Cirugia Plastica y Reconstructiva";"S"
160;"Cirugia Vascular";"S"
160;"Gastroenterologia";"S"
160;"Geriatria";"S"
160;"Inmunologia";"S"
160;"Medicina del Trabajo";"S"
160;"Medicina Fisica y Rehabilitacion";"S"
160;"Neumologia";"S"
160;"Oncologia";"S"
160;"Patologia Forense";"N"
160;"Reumatologia";"S"
160;"Urologia";"S"
161;"Anestesiologia y Reanimacion";"S"
161;"Cardiologia";"S"
161;"Cirugia Cardiotoracica";"S"
161;"Cirugia Plastica y Reconstructiva";"S"
161;"Endocrinologia";"S"
161;"Farmacologia Clinica";"N"
161;"Gastroenterologia";"S"
161;"Geriatria";"S"
161;"Hematologia";"S"
161;"Inmunologia";"S"
161;"Medicina de Urgencias";"S"
161;"Medicina del Trabajo";"S"
161;"Medicina Fisica y Rehabilitacion";"S"
161;"Nefrologia";"S"
161;"Oftalmologia";"S"
161;"Otorrinolaringologia";"S"
161;"Pediatria";"S"
161;"Reumatologia";"S"
161;"Salud Publica y Epidemiologia";"S"
161;"Urologia";"N"
162;"Cardiologia";"S"
162;"Cirugia Plastica y Reconstructiva";"S"
162;"Endocrinologia";"S"
162;"Farmacologia Clinica";"S"
162;"Genetica Clinica";"N"
162;"Ginecologia";"S"
162;"Hematologia";"S"
162;"Inmunologia";"S"
162;"Medicina del Trabajo";"S"
162;"Medicina Deportiva";"S"
162;"Medicina Interna";"S"
162;"Medicina Nuclear";"S"
162;"Neurologia";"S"
162;"Nutriologia Clinica";"S"
162;"Oftalmologia";"N"
162;"Oncologia";"N"
162;"Otorrinolaringologia";"S"
162;"Psicologia Clinica";"S"
162;"Radiologia";"S"
162;"Reumatologia";"S"
162;"Toxicologia";"S"
162;"Traumatologia y Ortopedia";"S"
162;"Unidad de Dolor";"S"
163;"Cardiologia";"S"
163;"Cirugia Cardiotoracica";"S"
163;"Cirugia General";"S"
163;"Farmacologia Clinica";"S"
163;"Gastroenterologia";"S"
163;"Genetica Clinica";"S"
163;"Geriatria";"N"
163;"Laboratorio Clinico";"S"
163;"Medicina Deportiva";"S"
163;"Medicina Fisica y Rehabilitacion";"S"
163;"Medicina Hiperbarica";"S"
163;"Medicina Nuclear";"S"
163;"Nefrologia";"S"
163;"Neumologia";"S"
163;"Nutriologia Clinica";"S"
163;"Oftalmologia";"S"
163;"Otorrinolaringologia";"S"
163;"Psicologia Clinica";"S"
164;"Cardiologia";"S"
164;"Cirugia Cardiotoracica";"S"
164;"Dermatologia";"S"
164;"Laboratorio Clinico";"S"
164;"Medicina Fisica y Rehabilitacion";"S"
164;"Medicina Interna";"S"
164;"Nefrologia";"S"
164;"Oftalmologia";"S"
164;"Otorrinolaringologia";"S"
164;"Patologia";"S"
164;"Patologia Forense";"N"
164;"Pediatria";"N"
164;"Psicologia Clinica";"N"
164;"Radiologia";"N"
164;"Toxicologia";"S"
164;"Traumatologia y Ortopedia";"S"
165;"Anestesiologia y Reanimacion";"S"
165;"Cardiologia";"S"
165;"Cirugia General";"S"
165;"Gastroenterologia";"S"
165;"Medicina de Urgencias";"S"
165;"Medicina Deportiva";"S"
165;"Medicina Interna";"S"
165;"Medicina Nuclear";"S"
165;"Nefrologia";"S"
165;"Nutriologia Clinica";"S"
165;"Obstetricia";"S"
165;"Oncologia";"S"
165;"Otorrinolaringologia";"S"
165;"Patologia Forense";"S"
165;"Psicologia Clinica";"S"
165;"Radiologia";"S"
165;"Traumatologia y Ortopedia";"S"
166;"Anestesiologia y Reanimacion";"S"
166;"Cirugia Cardiotoracica";"S"
166;"Cirugia General";"S"
166;"Cirugia Plastica y Reconstructiva";"S"
166;"Endocrinologia";"S"
166;"Hematologia";"S"
166;"Medicina del Trabajo";"N"
166;"Medicina Hiperbarica";"S"
166;"Medicina Nuclear";"S"
166;"Nefrologia";"S"
166;"Neonatologia";"S"
166;"Neumologia";"S"
166;"Neurologia";"S"
166;"Obstetricia";"S"
166;"Oftalmologia";"S"
166;"Oncologia";"S"
166;"Otorrinolaringologia";"N"
166;"Pediatria";"S"
166;"Reumatologia";"S"
166;"Traumatologia y Ortopedia";"S"
166;"Urologia";"S"
167;"Anestesiologia y Reanimacion";"S"
167;"Cirugia Cardiotoracica";"S"
167;"Cirugia General";"S"
167;"Endocrinologia";"S"
167;"Farmacologia Clinica";"S"
167;"Foniatria y Audiologia";"S"
167;"Gastroenterologia";"S"
167;"Ginecologia";"N"
167;"Medicina Deportiva";"S"
167;"Medicina Interna";"S"
167;"Medicina Nuclear";"S"
167;"Nefrologia";"S"
167;"Neumologia";"S"
167;"Neurologia";"S"
167;"Obstetricia";"S"
167;"Oftalmologia";"S"
167;"Otorrinolaringologia";"S"
167;"Patologia Forense";"S"
167;"Radiologia";"S"
167;"Reumatologia";"S"
167;"Unidad de Dolor";"S"
167;"Urologia";"N"
168;"Cardiologia";"S"
168;"Endocrinologia";"S"
168;"Genetica Clinica";"S"
168;"Laboratorio Clinico";"S"
168;"Medicina del Trabajo";"S"
168;"Medicina Fisica y Rehabilitacion";"S"
168;"Nefrologia";"S"
168;"Nutriologia Clinica";"S"
168;"Patologia";"S"
168;"Patologia Forense";"S"
168;"Psicologia Clinica";"S"
168;"Reumatologia";"S"
168;"Unidad de Dolor";"S"
169;"Anestesiologia y Reanimacion";"S"
169;"Cardiologia";"S"
169;"Cirugia Plastica y Reconstructiva";"S"
169;"Cirugia Vascular";"S"
169;"Dermatologia";"S"
169;"Endocrinologia";"S"
169;"Foniatria y Audiologia";"S"
169;"Gastroenterologia";"S"
169;"Ginecologia";"N"
169;"Hematologia";"S"
169;"Inmunologia";"S"
169;"Medicina Interna";"S"
169;"Nefrologia";"S"
169;"Neonatologia";"S"
169;"Neumologia";"S"
169;"Neurologia";"S"
169;"Nutriologia Clinica";"S"
169;"Oftalmologia";"S"
169;"Otorrinolaringologia";"S"
169;"Patologia Forense";"S"
169;"Pediatria";"S"
169;"Radiologia";"S"
169;"Unidad de Dolor";"S"
169;"Urologia";"S"
170;"Cirugia Plastica y Reconstructiva";"N"
170;"Cirugia Vascular";"S"
170;"Dermatologia";"S"
170;"Endocrinologia";"S"
170;"Farmacologia Clinica";"S"
170;"Foniatria y Audiologia";"S"
170;"Hematologia";"S"
170;"Inmunologia";"S"
170;"Laboratorio Clinico";"S"
170;"Medicina de Urgencias";"S"
170;"Medicina Nuclear";"S"
170;"Nefrologia";"S"
170;"Neonatologia";"S"
170;"Nutriologia Clinica";"S"
170;"Oftalmologia";"S"
170;"Patologia Forense";"N"
170;"Radiologia";"S"
170;"Salud Publica y Epidemiologia";"S"
170;"Urologia";"S"
